﻿,word,counts
0,stores,539
1,amazon,517
2,ecommerce,495
3,delivery,481
4,retail,481
5,business,440
6,sales,426
7,shift,393
8,day,364
9,buy,355
10,retailers,346
11,store,324
12,tips,311
13,article,309
14,surge,307
15,increased,306
16,increase,305
17,sites,291
18,saving,291
19,stay,289
20,read,279
21,businesses,279
22,don,277
23,accelerated,272
24,gifts,270
25,lot,268
26,unique,261
27,finding,259
28,holiday,259
29,consumer,256
30,learned,250
31,customers,249
32,learn,244
33,digital,235
34,rise,234
35,days,233
36,demand,232
37,changed,230
38,free,229
39,industry,223
40,buying,223
41,growth,218
42,safe,216
43,boom,213
44,post,213
45,continue,212
46,shipping,211
47,shops,210
48,food,208
49,local,203
50,habits,202
51,coronavirus,201
52,check,199
53,spending,196
54,started,196
55,economy,195
56,week,195
57,products,191
58,life,190
59,companies,188
60,experience,187
61,season,182
62,feel,181
63,amid,179
64,global,176
65,grocery,174
66,trends,173
67,christmas,172
68,deliveries,171
69,times,171
70,addiction,170
71,spent,162
72,clothes,160
73,start,159
74,impact,158
75,items,157
76,black,156
77,shoppers,153
78,service,152
79,workers,149
80,mall,148
81,brands,147
82,stuff,145
83,news,143
84,months,143
85,survey,142
86,services,141
87,future,141
88,love,140
89,market,139
90,wear,138
91,friday,137
92,restrictions,136
93,supply,136
94,report,136
95,watch,135
96,spend,135
97,change,134
98,customer,134
99,mask,133
