﻿时间,内容,点赞,转发,评论
02月27日 11:30,【阳性病例多次不戴口罩坐电梯，深圳一物业被立案！进小区、坐公交要扫“场所码”】2月27日上午，深圳市召开疫情新闻发布会，深圳市卫健委二级巡视员林汉城通报了最新的防控进展。2月26日0-24时，深圳新增30例病例，其中，26例诊断为新冠肺炎确诊病例，4例诊断为新冠病毒无症状感染者（数据有订正）。不查核酸证明、不督促乘电梯人员戴口罩，2个机构被立案👇🏻,1292,32,290
02月26日 21:53,,625,22,93
"03月06日 12:26</span></div></div><div class=""s""></div><div class=""c"" id=""M_Lij5f8J6m""><div><span class=""ctt"">【<span class=""url-icon""><img alt=[话筒] src=""https://h5.sinaimg.cn/m/emoticon/icon/others/o_huatong-0a3e80b147.png"" style=""width:1em; height:1em;"" /></span>深圳市教育局：将尽早安排分批返校】近日，有一些关于深圳高三初三返校时间的视频截图在网络上流传，究竟是否属实？<br/><br/>3月4日，深圳市举行疫情防控新闻发布会，深圳市教育局副局长对此作了澄清，网传返校时间为不实谣言，时机成熟将尽早安排分批返校。<br/><br/>深圳市教育局副局长邱成瑜在发布会上表示，近日有一些关于返校时间的不实谣言在网上流传，请大家勿信谣传谣；市校园疫情防控工作专班密切关注和研判疫情形势，一旦时机成熟，将尽早安排分批错峰返校，并及时通过“深圳发布”“深圳教育”公众号等权威渠道发布信息，请广大家长关注和配合！<br/><br/>图源：深圳教育</span></div><div><a href=""https://weibo.cn/mblog/pic/Lij5f8J6m?rl=1""><img src=""https://wx3.sinaimg.cn/wap180/a8bfee30gy1gzyt5fggwyj20u00gvgsf.jpg"" alt=""图片"" class=""ib"" /></a>",【 深圳3月5日新增17例病例，人数连续7天回落】3月6日上午，深圳市召开疫情新闻发布会，深圳市卫健委二级巡视员林汉城等通报了最新情况。3月5日0-24时，深圳新增17例确诊病例。其中，11例在隔离观察的密接人员核酸排查中发现；5例在重点区域核酸筛查中发现；1例在重点人群核酸筛查中发现。从2月27日新增36例至3月5日，疫情已连续7天回落。,568,5,80
"03月05日 12:13</span></div></div><div class=""s""></div><div class=""c"" id=""M_Li1N66bVr""><div><span class=""ctt"">【3月2日新增25例病例！深圳对违法违规行为严肃查处！教学点线下“偷偷营业”被立案】3月3日上午，深圳市召开疫情新闻发布会，深圳市卫健委二级巡视员林汉城等通报了最新情况。3月2日0-24时，深圳新增25例确诊病例。23例诊断为新冠肺炎确诊病例，2例诊断为新冠病毒无症状感染者。其中7例在隔离观察的密接人员核酸排查中发现；17例在重点区域核酸筛查中发现，1例在重点人群核酸筛查中发现。<br/><br/>当前，疫情防控正处于关键时期，全市校外培训机构要严格遵守疫情防控相关规定，共同筑牢疫情防控防线。一旦发现违法违规行为，严肃处理！<br/><br/>最近，就有培训教学点线下“偷偷营业”被立案调查——<br/><br/>2月27日，深圳市教育局等部门在联合检查中发现深圳市科翰培训中心坪山区坑梓街道梓兴路教学点违规开展线下培训活动。现市有关部门已对该机构立案调查，依法依规进行查处。</span></div><div><a href=""https://weibo.cn/mblog/pic/Li1N66bVr?rl=1""><img src=""https://wx3.sinaimg.cn/wap180/a8bfee30gy1gzwr97kjo4j20u00gwtc4.jpg"" alt=""图片"" class=""ib"" /></a>",,411,12,130
"03月03日 16:12</span></div></div><div class=""s""></div><div class=""c"" id=""M_LhQMQ68lW""><div><span class=""ctt"">【<span class=""url-icon""><img alt=[话筒] src=""https://h5.sinaimg.cn/m/emoticon/icon/others/o_huatong-0a3e80b147.png"" style=""width:1em; height:1em;"" /></span>病例总数回落！深圳将在福田、罗湖等重点片区“啃硬骨头”，加大排查<span class=""url-icon""><img alt=[加油] src=""https://h5.sinaimg.cn/m/emoticon/icon/default/d_jiayou-a34ced0409.png"" style=""width:1em; height:1em;"" /></span>】3月2日上午，深圳市召开疫情新闻发布会，深圳市卫健委二级巡视员林汉城等通报了最新情况。3月1日0-24时，深圳新增25例确诊病例。其中19例在隔离观察的密接人员核酸排查中发现，5例在重点区域核酸筛查中发现，1例在重点人群核酸筛查中发现。相比2月28日新增的28例，病例数有所回落。<br/><br/>接下来，我们将在福田、罗湖等重点片区同步组织实施核酸筛查，做到应检尽检、不漏一户、不落一人，力争在最短时间内排查出所有阳性感染者，全面切断病毒在社会面的传播链。<br/><br/>目前，全市已增加到800多个便民核酸采样点，各区根据辖区服务量，增派采样人员，延长服务时间，确保市民群众获得便捷化的核酸采样服务。<br/><br/>卫生监督部门将持续派出监督员到各采样点，进行督导检查，提供全流程帮助指导。http://t.cn/A66A9QsU</span></div><div><a href=""https://weibo.cn/mblog/pic/LhQMQ68lW?rl=1""><img src=""https://wx2.sinaimg.cn/wap180/a8bfee30gy1gzvepv2fmsj21hc0u0qik.jpg"" alt=""图片"" class=""ib"" /></a>",【 深圳市教育局：将尽早安排分批返校】近日，有一些关于深圳高三初三返校时间的视频截图在网络上流传，究竟是否属实？ 3月4日，深圳市举行疫情防控新闻发布会，深圳市教育局副局长对此作了澄清，网传返校时间为不实谣言，时机成熟将尽早安排分批返校。 深圳市教育局副局长邱成瑜在发布会上表示，近日有一些关于返校时间的不实谣言在网上流传，请大家勿信谣传谣；市校园疫情防控工作专班密切关注和研判疫情形势，一旦时机成熟，将尽早安排分批错峰返校，并及时通过“深圳发布”“深圳教育”公众号等权威渠道发布信息，请广大家长关注和配合！ 图源：深圳教育,1410,27,378
"03月02日 12:11</span></div></div><div class=""s""></div><div class=""c"" id=""M_LhHkAwInz""><div><span class=""ctt"">【深圳新增28例，较前两天回落！大家hold住<span class=""url-icon""><img alt=[拳头] src=""https://h5.sinaimg.cn/m/emoticon/icon/others/h_quantou-81f684d5ed.png"" style=""width:1em; height:1em;"" /></span>】3月1日上午，深圳市召开疫情新闻发布会，深圳市卫健委二级巡视员林汉城等通报了最新情况。2月28日0-24时，深圳新增28例病例。相比2月27日新增36例、26日新增30例，疫情已有所回落。<br/><br/>近期，深圳疫情防控工作面临巨大压力。从1月31日除夕开始，深圳持续报告发现新增病例，特别是2月15日至2月28日，全市累计报告165例阳性病例。2月20日之前以龙岗新增为主，20日之后以福田、南山新增为主。<br/><br/>目前我市疫情防控形势取得了积极的变化，近日新增病例绝大多数是在集中隔离观察的密接者或重点人群中发现，扩散的势头得到了初步遏制。<br/><br/>但我们仍不能有丝毫松懈，接下来这段时间，是我市抗击疫情最为吃紧的时期。为避免疫情扩散给我市社会、经济运行带来更大影响，请广大市民继续支持配合我市的各项疫情防控措施，直至实现“动态清零”。http://t.cn/A66wNDWx</span></div><div><a href=""https://weibo.cn/mblog/pic/LhHkAwInz?rl=1""><img src=""https://wx3.sinaimg.cn/wap180/a8bfee30gy1gzu90b7dzoj20u00gwjuf.jpg"" alt=""图片"" class=""ib"" /></a>",,1952,32,357
03月01日 12:07,【3月2日新增25例病例！深圳对违法违规行为严肃查处！教学点线下“偷偷营业”被立案】3月3日上午，深圳市召开疫情新闻发布会，深圳市卫健委二级巡视员林汉城等通报了最新情况。3月2日0-24时，深圳新增25例确诊病例。23例诊断为新冠肺炎确诊病例，2例诊断为新冠病毒无症状感染者。其中7例在隔离观察的密接人员核酸排查中发现；17例在重点区域核酸筛查中发现，1例在重点人群核酸筛查中发现。 当前，疫情防控正处于关键时期，全市校外培训机构要严格遵守疫情防控相关规定，共同筑牢疫情防控防线。一旦发现违法违规行为，严肃处理！ 最近，就有培训教学点线下“偷偷营业”被立案调查—— 2月27日，深圳市教育局等部门在联合检查中发现深圳市科翰培训中心坪山区坑梓街道梓兴路教学点违规开展线下培训活动。现市有关部门已对该机构立案调查，依法依规进行查处。,1512,64,289
02月28日 11:39,,1855,50,354
02月27日 11:30,【 病例总数回落！深圳将在福田、罗湖等重点片区“啃硬骨头”，加大排查 】3月2日上午，深圳市召开疫情新闻发布会，深圳市卫健委二级巡视员林汉城等通报了最新情况。3月1日0-24时，深圳新增25例确诊病例。其中19例在隔离观察的密接人员核酸排查中发现，5例在重点区域核酸筛查中发现，1例在重点人群核酸筛查中发现。相比2月28日新增的28例，病例数有所回落。 接下来，我们将在福田、罗湖等重点片区同步组织实施核酸筛查，做到应检尽检、不漏一户、不落一人，力争在最短时间内排查出所有阳性感染者，全面切断病毒在社会面的传播链。 目前，全市已增加到800多个便民核酸采样点，各区根据辖区服务量，增派采样人员，延长服务时间，确保市民群众获得便捷化的核酸采样服务。 卫生监督部门将持续派出监督员到各采样点，进行督导检查，提供全流程帮助指导。http://t.cn/A66A9QsU,1292,32,290
"03月13日 12:28</span></div></div><div class=""s""></div><div class=""c"" id=""M_LjncqAgmt""><div><span class=""ctt"">【3月11日新增29例病例！谁都不能“偷懒”！“四方”织密社会防护网】3月12日上午，深圳市召开疫情新闻发布会，深圳市卫健委二级巡视员林汉城等通报了最新情况。3月11日0-24时，深圳新增29例病例。其中27例诊断为新冠肺炎确诊病例，2例诊断为新冠病毒无症状感染者。其中6例在隔离观察的密接人员排查中发现，23例在重点区域核酸筛查中发现。本轮疫情波及面广，在多个行业群体均发现了感染病例。为此，我们必须坚持“群防群控、联防联控”的策略，由面及点，进一步织牢织密“社会防护网”。具体来说，就是压实“属地、行业、单位、个人”四方的责任。</span></div><div><a href=""https://weibo.cn/mblog/pic/LjncqAgmt?rl=1""><img src=""https://wx4.sinaimg.cn/wap180/a8bfee30gy1h06zokn19pj20u00gwjuh.jpg"" alt=""图片"" class=""ib"" /></a>",【深圳新增66例，管控升级！】3月13日上午，深圳市召开疫情新闻发布会，深圳市卫健委二级巡视员林汉城等通报了最新情况。3月12日0-24时，深圳新增66例病例。其中60例诊断为新冠肺炎确诊病例，6例诊断为新冠病毒无症状感染者。其中，28例在隔离观察的密接人员排查中发现，5例在重点区域筛查中发现，2例在重点人群筛查中发现，31例在社区筛查中发现。 3月12日，深圳“10+1”区相继发布了疫情防控通告，实行暂停堂食、关闭部分室内密闭场所、倡导居家办公等措施，福田、罗湖、南山、宝安四个形势较为严峻的重点区，全体居民连续4天核酸“每日一检”……这是由于奥密克戎变异株（BA.2进化分支）持续流行，全球仍然处于第四波疫情的高位，多省市同时报告本土疫情，根据国家和广东省的有关要求，深圳采取了一系列强化疫情防控的政策措施，力求尽快扑灭疫情。目前，深圳出现的奥密克戎变异株传染性很强、传播速度很快、隐匿性很高、人群普遍易感，如果不及时果断强化防控，很容易造成社区大范围传播、病例迅速增加。 这些防控措施一定程度上给市民的工作生活带来不便，请大家理解、支持和配合。深圳将持续做好生活保障、医疗服务等工作，重视人文关怀，及时回应市民反映的意见建议，切实解决实际困难和问题。,203,37,151
"03月12日 12:32</span></div></div><div class=""s""></div><div class=""c"" id=""M_Lje7tCePL""><div><span class=""ctt"">【3月10日深圳新增11例病例，隔离点2招防感染风险<span class=""url-icon""><img alt=[加油] src=""https://h5.sinaimg.cn/m/emoticon/icon/default/d_jiayou-a34ced0409.png"" style=""width:1em; height:1em;"" /></span>】3月11日上午，深圳市召开疫情新闻发布会，深圳市卫健委二级巡视员林汉城等通报了最新情况。3月10日0-24时，深圳新增11例病例。其中9例诊断为新冠肺炎确诊病例，2例诊断为新冠病毒无症状感染者。其中4例在隔离观察的密接人员排查中发现，7例在重点区域核酸筛查中发现。为了保障隔离点安全和提升人文关怀，我们做出3点举措：一是派驻感控督导员，“盯紧”隔离场所的风险漏洞。二是按照“隔、管、教、查、护、检、消”的要求，对隔离场所加强日常检查。三是做好服务和人文关怀，帮隔离人员和家属做好“点对点”联系，医务人员也会每天问诊、及时转诊，并推出“安心热线”，为他们提供心理疏导，同时，肾透析病人、孕产妇等特殊群体也有“绿色就医通道”。</span></div><div><a href=""https://weibo.cn/mblog/pic/Lje7tCePL?rl=1""><img src=""https://wx4.sinaimg.cn/wap180/a8bfee30gy1h05uwkkamij20u00gw77i.jpg"" alt=""图片"" class=""ib"" /></a>",,42,4,22
"03月11日 13:25</span></div></div><div class=""s""></div><div class=""c"" id=""M_LiVkK5BhW""><div><span class=""ctt"">【基因测序平台升级！“定位”病毒：更快更准<span class=""url-icon""><img alt=[加油] src=""https://h5.sinaimg.cn/m/emoticon/icon/default/d_jiayou-a34ced0409.png"" style=""width:1em; height:1em;"" /></span>】3月9日上午，深圳市召开疫情新闻发布会，深圳市卫健委二级巡视员林汉城等通报了最新情况。3月8日0-24时，深圳新增6例确诊病例。其中5例在隔离观察的密接人员排查中发现，1例在重点区域核酸筛查中发现。目前，深圳市疾控部门已完成“02•15”疫情以来194例病例基因测序工作，结果均为奥密克戎变异株（BA.2进化分支）。为了在最短时间内，摸清病毒老底，市疾控部门快速升级建立了二代病例基因测序平台，能大幅提升基因测序最大检测量、缩短基因测序时长（缩短至16个小时）。通过基因序列位点比对，推断多起疫情传播源头同源性、病例关联性等，为源头追查、流调排查、措施制定等提供了重要线索和方向。</span></div><div><a href=""https://weibo.cn/mblog/pic/LiVkK5BhW?rl=1""><img src=""https://wx2.sinaimg.cn/wap180/a8bfee30gy1h03ki624k4j20u00gw0vo.jpg"" alt=""图片"" class=""ib"" /></a>",【3月11日新增29例病例！谁都不能“偷懒”！“四方”织密社会防护网】3月12日上午，深圳市召开疫情新闻发布会，深圳市卫健委二级巡视员林汉城等通报了最新情况。3月11日0-24时，深圳新增29例病例。其中27例诊断为新冠肺炎确诊病例，2例诊断为新冠病毒无症状感染者。其中6例在隔离观察的密接人员排查中发现，23例在重点区域核酸筛查中发现。本轮疫情波及面广，在多个行业群体均发现了感染病例。为此，我们必须坚持“群防群控、联防联控”的策略，由面及点，进一步织牢织密“社会防护网”。具体来说，就是压实“属地、行业、单位、个人”四方的责任。,21,5,29
03月09日 13:36,,51,5,21
"03月07日 12:26</span></div></div><div class=""s""></div><div class=""c"" id=""M_LisAYmaJu""><div><span class=""ctt"">【<span class=""url-icon""><img alt=[话筒] src=""https://h5.sinaimg.cn/m/emoticon/icon/others/o_huatong-0a3e80b147.png"" style=""width:1em; height:1em;"" /></span>深圳3月5日新增17例病例，人数连续7天回落】3月6日上午，深圳市召开疫情新闻发布会，深圳市卫健委二级巡视员林汉城等通报了最新情况。3月5日0-24时，深圳新增17例确诊病例。其中，11例在隔离观察的密接人员核酸排查中发现；5例在重点区域核酸筛查中发现；1例在重点人群核酸筛查中发现。从2月27日新增36例至3月5日，疫情已连续7天回落。</span></div><div><a href=""https://weibo.cn/mblog/pic/LisAYmaJu?rl=1""><img src=""https://wx3.sinaimg.cn/wap180/a8bfee30gy1h001lkfdckj20u00gwn0p.jpg"" alt=""图片"" class=""ib"" /></a>",【3月10日深圳新增11例病例，隔离点2招防感染风险 】3月11日上午，深圳市召开疫情新闻发布会，深圳市卫健委二级巡视员林汉城等通报了最新情况。3月10日0-24时，深圳新增11例病例。其中9例诊断为新冠肺炎确诊病例，2例诊断为新冠病毒无症状感染者。其中4例在隔离观察的密接人员排查中发现，7例在重点区域核酸筛查中发现。为了保障隔离点安全和提升人文关怀，我们做出3点举措：一是派驻感控督导员，“盯紧”隔离场所的风险漏洞。二是按照“隔、管、教、查、护、检、消”的要求，对隔离场所加强日常检查。三是做好服务和人文关怀，帮隔离人员和家属做好“点对点”联系，医务人员也会每天问诊、及时转诊，并推出“安心热线”，为他们提供心理疏导，同时，肾透析病人、孕产妇等特殊群体也有“绿色就医通道”。,927,12,243
"03月06日 12:26</span></div></div><div class=""pm""><form action=""/search/"" method=""post""><div><input type=""text"" name=""keyword"" value="""" size=""15"" /><input type=""submit"" name=""smblog"" value=""搜微博"" /><input type=""submit"" name=""suser"" value=""找人"" /><br/><span class=""pmf""><a href=""/search/mblog/?keyword=%E5%9B%BD%E5%AE%B6%E8%AF%9D%E5%89%A7%E9%99%A22022%E5%B9%B4%E5%BA%94%E5%B1%8A%E7%94%9F%E6%8B%9B%E8%81%98%E6%83%85%E5%86%B5%E8%AF%B4%E6%98%8E&amp;rl=1"" class=""k"">国家话剧院2022年应届生招聘情况说明</a>",,568,5,80
"03月20日 21:59</span></div></div><div class=""s""></div><div class=""c"" id=""M_Lksld3Hm8""><div><span class=""ctt"">【去医院看病一律放行！确保产业链供应链安全稳定】3月19日上午，深圳市召开疫情新闻发布会，深圳市政府副秘书长黄强、市卫健委二级巡视员林汉城等通报了最新情况。深圳市政府副秘书长黄强介绍，在做好疫情防控的前提下，采取“白名单+每天核酸检测+闭环管理”等方式，保障产业链供应链安全稳定。全市社区小区、城中村等卡口，凡对赴医院看病的市民一律放行，凭看病挂号、病历回小区闭环备案。http://t.cn/A66JNWbp</span></div><div><a href=""https://weibo.cn/mblog/pic/Lksld3Hm8?rl=1""><img src=""https://wx3.sinaimg.cn/wap180/a8bfee30gy1h0f7pmqbxsj20u00eg41k.jpg"" alt=""图片"" class=""ib"" /></a>",【孩子上网课优先用“大屏幕”的电视、电脑，“封控、管控”区肿瘤患者可到定点医院看病】3月20日晚，深圳市召开疫情防控新闻发布会，深圳市卫健委二级巡视员林汉城提醒两点：疫情下，家长要注重在家上网课孩子的身心健康；在“封控、管控区”的肿瘤患者，可到定点医院就诊👇🏻 ,20,5,8
"03月19日 15:28</span></div></div><div class=""s""></div><div class=""c"" id=""M_LkixH2sxI""><div><span class=""ctt"">【“清零”5区恢复运行，剩下6区精准防控】3月18日上午，深圳市召开疫情新闻发布会，深圳市政府副秘书长黄强、市卫健委二级巡视员林汉城等通报了最新情况。3月17日0-24时，深圳新增69例新冠肺炎确诊病例和36例新冠病毒无症状感染者。深圳市政府副秘书长黄强介绍，自3月13日深圳发布《关于做好全市三轮全员核酸检测的通告》，按下“慢行键”以来，全市已完成两轮全员核酸检测，绝大部分病例在封控管控区和集中隔离点核酸筛查中被发现。<br/><br/>部分区已实现社会面动态清零，盐田、光明等区连续多日未报告新增病例，坪山、大鹏、深汕等区自春节以来保持“零疫情”状态，全市疫情防控形势总体可控。已实现社会面动态清零的盐田区、坪山区、光明区、大鹏新区、深汕特别合作区，党政机关、企事业单位、生产经营单位等恢复正常工作秩序和生产经营，公交、地铁恢复运行。其他未实现社会面动态清零的区域，要做好精准防控，努力用最小的代价实现最大的防控效果，最大限度减少疫情对经济社会发展的影响。实施“一企一策”“一厂一案”，保障企业有序生产经营。</span></div><div><a href=""https://weibo.cn/mblog/pic/LkixH2sxI?rl=1""><img src=""https://wx2.sinaimg.cn/wap180/a8bfee30gy1h0dz9g8a45j20u00gw77v.jpg"" alt=""图片"" class=""ib"" /></a>",,24,14,32
"03月18日 14:31</span></div></div><div class=""s""></div><div class=""c"" id=""M_Lk9ubz7vC""><div><span class=""ctt"">【3月16日新增91例，社会面病例连续2天“个位数”】3月17日上午，深圳市召开疫情新闻发布会，深圳市政府副秘书长黄强、市卫健委二级巡视员林汉城等通报了最新情况。3月16日0-24时，深圳新增91例病例。其中71例诊断为新冠肺炎确诊病例，20例诊断为新冠病毒无症状感染者。其中57例在隔离观察的密接人员排查中发现，23例在重点区域筛查中发现，4例在重点人群筛查中发现，7例在社区筛查中发现。<br/><br/>目前全员核酸检测工作进展顺利，绝大部分病例在封控管控区和集中隔离点核酸筛查中被发现。社会面新发现的病例数明显下降，连续两天均为个位数；部分重点区已经率先实现社会面动态清零，坪山、光明、大鹏等区近日来未发生新的疫情。</span></div><div><a href=""https://weibo.cn/mblog/pic/Lk9ubz7vC?rl=1""><img src=""https://wx1.sinaimg.cn/wap180/a8bfee30gy1h0csydm5toj20u00k042b.jpg"" alt=""图片"" class=""ib"" /></a>",【去医院看病一律放行！确保产业链供应链安全稳定】3月19日上午，深圳市召开疫情新闻发布会，深圳市政府副秘书长黄强、市卫健委二级巡视员林汉城等通报了最新情况。深圳市政府副秘书长黄强介绍，在做好疫情防控的前提下，采取“白名单+每天核酸检测+闭环管理”等方式，保障产业链供应链安全稳定。全市社区小区、城中村等卡口，凡对赴医院看病的市民一律放行，凭看病挂号、病历回小区闭环备案。http://t.cn/A66JNWbp,61,12,53
"03月17日 15:28</span></div></div><div class=""s""></div><div class=""c"" id=""M_LjPGHAs2F""><div><span class=""ctt"">【<span class=""url-icon""><img alt=[话筒] src=""https://h5.sinaimg.cn/m/emoticon/icon/others/o_huatong-0a3e80b147.png"" style=""width:1em; height:1em;"" /></span>3月14日新增60例，深圳首轮全员核酸共设1898个采样点】3月15日上午，深圳市召开疫情新闻发布会，深圳市政府副秘书长黄强通报了最新情况。3月14日0-24时，深圳新增60例病例。其中39例诊断为新冠肺炎确诊病例，21例诊断为新冠病毒无症状感染者。其中33例在隔离观察的密接人员排查中发现，13例在重点区域筛查中发现，14例在社区筛查中发现。<br/><br/>3月14日起，深圳已启动为期7天的3轮全员核酸检测。今天（3月15日）共开放1898个便民核酸采样点。针对本周大多数市民居家办公的情况，居民区（小区、城中村）便民采样点大幅增加，办公区域（CBD、园区等）的则有所减少。同时，小区、园区、机构也设内部采样点和流动采样点，以便居民灵活就近采样。<br/><br/>为了减少聚集风险，建议大家按所在街道社区通知，分时段去做核酸，并做好个人防护，检测完就回家。在提高核酸检测安全和质量方面，市卫健委对“采样-送样-检测-报告”进行专项督导，发现问题将及时整改。http://t.cn/A66fJUHx</span>",,70,12,32
"03月15日 13:04</span></div></div><div class=""s""></div><div class=""c"" id=""M_LjGqCrSFk""><div><span class=""ctt"">【<span class=""url-icon""><img alt=[话筒] src=""https://h5.sinaimg.cn/m/emoticon/icon/others/o_huatong-0a3e80b147.png"" style=""width:1em; height:1em;"" /></span>新增86例，深圳“三线作战”！】3月14日上午，深圳市召开疫情新闻发布会，深圳市政府副秘书长黄强、市卫健委二级巡视员林汉城等通报了最新情况。3月13日0-24时，深圳新增86例病例。其中75例诊断为新冠肺炎确诊病例，11例诊断为新冠病毒无症状感染者。其中38例在隔离观察的密接人员排查中发现，8例在重点区域筛查中发现，1例在重点人群筛查中发现，39例在社区筛查中发现。<br/><br/>近段时间，国外境外疫情持续发酵，深圳在入境人员、入境物品等方面均面临巨大的“外防输入”压力。特别是本轮输入深圳的疫情为奥密克戎变异株，传播力强、传播速度快、隐匿性高、人群普遍易感染，给疫情防控带来严峻挑战。目前，深圳要在阻击本土疫情、支援香港抗疫、保障城市平稳有序运行“三条战线”上同时作战<span class=""url-icon""><img alt=[加油] src=""https://h5.sinaimg.cn/m/emoticon/icon/default/d_jiayou-a34ced0409.png"" style=""width:1em; height:1em;"" /></span> http://t.cn/A66ViJRX</span></div><div><a href=""https://weibo.cn/mblog/pic/LjGqCrSFk?rl=1""><img src=""https://wx4.sinaimg.cn/wap180/a8bfee30gy1h099ygc2e6j20u00gd40f.jpg"" alt=""图片"" class=""ib"" /></a>",【“清零”5区恢复运行，剩下6区精准防控】3月18日上午，深圳市召开疫情新闻发布会，深圳市政府副秘书长黄强、市卫健委二级巡视员林汉城等通报了最新情况。3月17日0-24时，深圳新增69例新冠肺炎确诊病例和36例新冠病毒无症状感染者。深圳市政府副秘书长黄强介绍，自3月13日深圳发布《关于做好全市三轮全员核酸检测的通告》，按下“慢行键”以来，全市已完成两轮全员核酸检测，绝大部分病例在封控管控区和集中隔离点核酸筛查中被发现。 部分区已实现社会面动态清零，盐田、光明等区连续多日未报告新增病例，坪山、大鹏、深汕等区自春节以来保持“零疫情”状态，全市疫情防控形势总体可控。已实现社会面动态清零的盐田区、坪山区、光明区、大鹏新区、深汕特别合作区，党政机关、企事业单位、生产经营单位等恢复正常工作秩序和生产经营，公交、地铁恢复运行。其他未实现社会面动态清零的区域，要做好精准防控，努力用最小的代价实现最大的防控效果，最大限度减少疫情对经济社会发展的影响。实施“一企一策”“一厂一案”，保障企业有序生产经营。,157,19,147
"03月14日 13:29</span></div></div><div class=""s""></div><div class=""c"" id=""M_LjwBi1Qn7""><div><span class=""ctt"">【深圳新增66例，管控升级！】3月13日上午，深圳市召开疫情新闻发布会，深圳市卫健委二级巡视员林汉城等通报了最新情况。3月12日0-24时，深圳新增66例病例。其中60例诊断为新冠肺炎确诊病例，6例诊断为新冠病毒无症状感染者。其中，28例在隔离观察的密接人员排查中发现，5例在重点区域筛查中发现，2例在重点人群筛查中发现，31例在社区筛查中发现。<br/><br/>3月12日，深圳“10+1”区相继发布了疫情防控通告，实行暂停堂食、关闭部分室内密闭场所、倡导居家办公等措施，福田、罗湖、南山、宝安四个形势较为严峻的重点区，全体居民连续4天核酸“每日一检”……这是由于奥密克戎变异株（BA.2进化分支）持续流行，全球仍然处于第四波疫情的高位，多省市同时报告本土疫情，根据国家和广东省的有关要求，深圳采取了一系列强化疫情防控的政策措施，力求尽快扑灭疫情。目前，深圳出现的奥密克戎变异株传染性很强、传播速度很快、隐匿性很高、人群普遍易感，如果不及时果断强化防控，很容易造成社区大范围传播、病例迅速增加。<br/><br/>这些防控措施一定程度上给市民的工作生活带来不便，请大家理解、支持和配合。深圳将持续做好生活保障、医疗服务等工作，重视人文关怀，及时回应市民反映的意见建议，切实解决实际困难和问题。</span></div><div><a href=""https://weibo.cn/mblog/pic/LjwBi1Qn7?rl=1""><img src=""https://wx4.sinaimg.cn/wap180/a8bfee30gy1h0852e6h47j20u00gwadb.jpg"" alt=""图片"" class=""ib"" /></a>",,200,13,174
"03月13日 12:28</span></div></div><div class=""pm""><form action=""/search/"" method=""post""><div><input type=""text"" name=""keyword"" value="""" size=""15"" /><input type=""submit"" name=""smblog"" value=""搜微博"" /><input type=""submit"" name=""suser"" value=""找人"" /><br/><span class=""pmf""><a href=""/search/mblog/?keyword=%E8%BF%AA%E5%A5%A5+%E6%96%87%E5%8C%96%E6%8C%AA%E7%94%A8&amp;rl=1"" class=""k"">迪奥 文化挪用</a>",【3月16日新增91例，社会面病例连续2天“个位数”】3月17日上午，深圳市召开疫情新闻发布会，深圳市政府副秘书长黄强、市卫健委二级巡视员林汉城等通报了最新情况。3月16日0-24时，深圳新增91例病例。其中71例诊断为新冠肺炎确诊病例，20例诊断为新冠病毒无症状感染者。其中57例在隔离观察的密接人员排查中发现，23例在重点区域筛查中发现，4例在重点人群筛查中发现，7例在社区筛查中发现。 目前全员核酸检测工作进展顺利，绝大部分病例在封控管控区和集中隔离点核酸筛查中被发现。社会面新发现的病例数明显下降，连续两天均为个位数；部分重点区已经率先实现社会面动态清零，坪山、光明、大鹏等区近日来未发生新的疫情。,203,37,151
"03月27日 18:26</span></div></div><div class=""s""></div><div class=""c"" id=""M_LleJu4kqj""><div><span class=""ctt"">【病例降到个位数！深圳5招最大限度减少对市民日常的影响】3月24日下午，深圳市召开疫情新闻发布会，深圳市卫生健康委二级巡视员林汉城等通报了最新情况。3月23日0-24时，深圳新增9例病例。在全市上下的共同努力下，深圳每日新增阳性病例数快速下降，昨天首次降为个位数（自3月9日新一波高峰以来），其中社会面初筛阳性病例仅有1例，全市疫情形势总体可控。接下来，深圳将在全力做好疫情防控的同时，最大限度减少对市民生产生活的影响，重点做好五个方面。详戳：http://t.cn/A66S3aIH</span>",【连续4天个位数新增！涉疫地区来深“落地即核酸”】3月27日下午，深圳市召开疫情新闻发布会，深圳市卫生健康委二级巡视员林汉城等通报了最新情况。3月26日0-24时，深圳新增3例病例。在全市上下的共同努力下，3月23日以来，深圳本土新增阳性病例数已连续4天保持在个位数。虽然目前，深圳疫情防控态势总体可控，但越到这个时候，越要慎终如始。深圳将在有序恢复生产生活秩序的同时，继续实施分区分级差异化的疫情防控举措，重点做好以下工作👇🏻,149,11,75
"03月24日 18:39</span></div></div><div class=""s""></div><div class=""c"" id=""M_LkWftaLjt""><div><span class=""ctt"">【<span class=""url-icon""><img alt=[话筒] src=""https://h5.sinaimg.cn/m/emoticon/icon/others/o_huatong-0a3e80b147.png"" style=""width:1em; height:1em;"" /></span>不贴贴！不扎堆！深圳打工人分时上下班、错峰出行】3月22日下午，深圳市召开疫情新闻发布会，深圳市政府副秘书长黄强、市卫健委二级巡视员林汉城等通报了最新情况。3月21日0-24时，深圳新增28例病例。目前，深圳社会面的疫情管控措施已逐步解除，生产、生活秩序有序恢复，但疫情尚未结束，大家还要小心谨慎。自觉减少人员聚集。全市公园、广场等户外场所已恢复开放，但广场舞等聚集性活动仍需暂停。请大家少出门、不串门、不扎堆、不聚集，非必要不前往中高风险地区。同时，企事业单位要分时上下班、员工错峰出行，防止出现聚集性疫情。http://t.cn/A66Xjr8L</span>",,359,27,199
"03月22日 19:36</span></div></div><div class=""s""></div><div class=""c"" id=""M_LkEkDpppn""><div><span class=""ctt"">【孩子上网课优先用“大屏幕”的电视、电脑，“封控、管控”区肿瘤患者可到定点医院看病】3月20日晚，深圳市召开疫情防控新闻发布会，深圳市卫健委二级巡视员林汉城提醒两点：疫情下，家长要注重在家上网课孩子的身心健康；在“封控、管控区”的肿瘤患者，可到定点医院就诊👇🏻 </span>",【病例降到个位数！深圳5招最大限度减少对市民日常的影响】3月24日下午，深圳市召开疫情新闻发布会，深圳市卫生健康委二级巡视员林汉城等通报了最新情况。3月23日0-24时，深圳新增9例病例。在全市上下的共同努力下，深圳每日新增阳性病例数快速下降，昨天首次降为个位数（自3月9日新一波高峰以来），其中社会面初筛阳性病例仅有1例，全市疫情形势总体可控。接下来，深圳将在全力做好疫情防控的同时，最大限度减少对市民生产生活的影响，重点做好五个方面。详戳：http://t.cn/A66S3aIH,984,78,599
"03月20日 21:59</span></div></div><div class=""pm""><form action=""/search/"" method=""post""><div><input type=""text"" name=""keyword"" value="""" size=""15"" /><input type=""submit"" name=""smblog"" value=""搜微博"" /><input type=""submit"" name=""suser"" value=""找人"" /><br/><span class=""pmf""><a href=""/search/mblog/?keyword=%E5%BC%A0%E4%BA%AE&amp;rl=1"" class=""k"">张亮</a>",,20,5,8
"04月01日 16:17</span></div></div><div class=""s""></div><div class=""c"" id=""M_LlGVDnruk""><div><span class=""ctt"">【连续4天个位数新增！涉疫地区来深“落地即核酸”】3月27日下午，深圳市召开疫情新闻发布会，深圳市卫生健康委二级巡视员林汉城等通报了最新情况。3月26日0-24时，深圳新增3例病例。在全市上下的共同努力下，3月23日以来，深圳本土新增阳性病例数已连续4天保持在个位数。虽然目前，深圳疫情防控态势总体可控，但越到这个时候，越要慎终如始。深圳将在有序恢复生产生活秩序的同时，继续实施分区分级差异化的疫情防控举措，重点做好以下工作👇🏻</span>",【 吴尊友： 】中国疾控中心流行病学首席专家吴尊友4月1日在国务院联防联控机制新闻发布会上表示，清明节假日期间，如果准备外出踏青、郊游，一定要注意新冠疫情常态化防控个人防护措施的落实。有疫情的地区，不建议外出踏青、郊游。没有疫情的地区，要合理选择外出踏青、郊游的地点，不要选择跨省区的踏青、郊游。出行，最好选择自驾；如果乘坐公共交通工具，要注意戴口罩、手卫生、保持社交距离等个人防护措施落实。（via 新华社）,21,7,12
"03月27日 18:26</span></div></div><div class=""pm""><form action=""/search/"" method=""post""><div><input type=""text"" name=""keyword"" value="""" size=""15"" /><input type=""submit"" name=""smblog"" value=""搜微博"" /><input type=""submit"" name=""suser"" value=""找人"" /><br/><span class=""pmf""><a href=""/search/mblog/?keyword=%E8%BF%AA%E5%A5%A5+%E6%96%87%E5%8C%96%E6%8C%AA%E7%94%A8&amp;rl=1"" class=""k"">迪奥 文化挪用</a>",,149,11,75
