﻿时间,内容,点赞,转发,评论
02月16日 11:54,【盐田发布“一号文 ”，50条举措建全球海洋中心城市核心区！】2月16日，盐田区召开新闻发布会，发布2022年区政府“一号文”《盐田区创建全球海洋中心城市核心区实施方案（2022-2025年）》（以下简称《实施方案》），《实施方案》结合盐田实际精准发力，分为三大部分、50条重磅政策干货，明确了盐田区抢抓“双区”驱动、“双区”叠加和“双改”机遇，创建全球海洋中心城市核心区的发展策略。http://t.cn/A6i1NgbW,2,1,0
02月14日 21:34,,2,3,0
02月27日 16:53,权威发布｜深圳疫情防控最新情况，请看2月27日新闻发布会实录：权威发布｜深圳疫情防控最新情况，请看2月27日新闻发布会实录 ,6,1,2
02月27日 14:38,,1,4,1
02月26日 19:57,【“三区”地图同时也是重点保供地图】2月27日，深圳市举行疫情防控新闻发布会。26日14-24时，深圳新增19例病例，均在已集中隔离观察的密接者、重点区域和重点人群核酸筛查中发现。 市卫生健康委二级巡视员林汉城、市市场监管局副局长莫熙玲、市商务局副局长周明武发布疫情防控最新情况并回答记者提问。市委宣传部副部长王楚宏主持发布会。http://t.cn/A66zB82v,0,0,1
02月26日 18:46,,1,1,0
02月26日 17:16,【权威发布｜深圳疫情防控最新情况，请看2月26日新闻发布会实录】主持人王楚宏（深圳市委宣传部副部长）：各位记者朋友：大家下午好！欢迎并感谢大家参加今天的新闻发布会。我们今天继续通报深圳疫情防控的最新情况，并就大家关心的问题回答记者提问。根据疫情防控的需要，有一部分记者是在线上参加发布会。http://t.cn/A66zGolD,5,1,2
02月26日 10:12,,2,0,0
02月23日 16:05,【深圳在集中隔离观察的密接者、重点区域和重点人群核酸筛查中新发现11例病例】2月26日，深圳市举行疫情防控新闻发布会。记者从会上获悉，2月26日0时-14时，深圳新增11例病例，在已集中隔离观察的密接者、重点区域和重点人群核酸筛查中发现。 市卫生健康委二级巡视员林汉城，福田区委常委、区委（政府）办公室主任李志东，南山区副区长蔡淡宏发布疫情防控最新情况并回答记者提问。市委宣传部副部长王楚宏主持发布会。http://t.cn/A66zUr9g,4,4,1
03月04日 15:01,【权威发布｜深圳疫情防控最新情况，请看3月4日新闻发布会实录】主持人王楚宏（深圳市委宣传部副部长）： 各位记者朋友： 大家上午好！欢迎并感谢大家参加今天的新闻发布会。我们今天继续为大家通报深圳疫情防控的最新情况，并就大家关心的问题回答提问。根据疫情防控的需要，有一部分记者在线上参加发布会。 http://t.cn/A66LKOaH  http://t.cn/A66LK1sg,3,1,0
03月04日 14:09,【中小学生网课怎么上？四项教育考试如何调整？今天发布会回应】3月4日，深圳市举行疫情防控新闻发布会。3日0-24时，深圳新增23例本土病例，均在已集中隔离观察的密接者、重点区域核酸筛查中发现。 深圳市卫生健康委二级巡视员、市疫情防控指挥部新闻发言人林汉城，市教育局副局长邱成瑜，深圳大学副校长李永华，深圳市新冠肺炎临床专家组专家、北京大学深圳医院发热门诊主任医师宋卫东发布疫情防控处置最新情况并回答记者提问。市委宣传部副部长王楚宏主持发布会。http://t.cn/A66LSXQs,2,4,1
03月04日 10:28,,0,0,0
03月03日 14:22,【预告 | 今天10:30深圳将举行新闻发布会，通报疫情防控最新情况】2022年3月4日（星期五）10:30，我市将举行疫情防控新闻发布会，邀请市卫生健康委、市教育局、深圳大学、北京大学深圳医院有关负责人出席，通报我市疫情防控最新情况，并回答记者提问，敬请关注。 ,4,1,1
03月03日 13:21,,1,3,3
03月03日 09:41,【权威发布｜深圳疫情防控最新情况，请看3月3日新闻发布会实录】 主持人王楚宏（深圳市委宣传部副部长）： 各位记者朋友，大家上午好！欢迎并感谢大家参加今天的新闻发布会。我们今天继续为大家通报深圳疫情防控的最新情况，并就大家关心的问题回答提问。根据疫情防控的需要，有一部分记者在线上参加发布会。http://t.cn/A662CmVF  http://t.cn/A662Nvkj,1,0,0
03月02日 14:40,【深圳：科技创新有力支撑疫情防控】3月3日，深圳市举行疫情防控新闻发布会。2日0-24时，深圳新增25例本土病例，均在已集中隔离观察的密接者、重点区域和重点人群核酸筛查中发现。 深圳市卫生健康委二级巡视员、市疫情防控指挥部新闻发言人林汉城，市科技创新委副主任钟海、市政务服务数据管理局副局长王耀文、市第三人民医院党委书记刘磊发布疫情防控处置最新情况并回答记者提问。市委宣传部副部长王楚宏主持发布会。http://t.cn/A662KRXE,2,0,1
03月02日 14:11,,0,3,0
03月02日 10:45,【预告 | 今天10:30深圳将举行新闻发布会，通报疫情防控最新情况】2022年3月3日（星期四）10:30，我市将举行疫情防控新闻发布会，邀请市卫生健康委、市科技创新委、市政务服务数据管理局、市第三人民医院有关负责人出席，通报我市疫情防控最新情况，并回答记者提问，敬请关注。预告 | 今天10:30深圳将举行新闻发布会，通报疫情防控最新情况 ,0,0,1
03月01日 14:43,,4,2,0
03月01日 14:42,【权威发布｜深圳疫情防控最新情况，请看3月1日新闻发布会实录】主持人王楚宏（深圳市委宣传部副部长）： 各位记者朋友，大家上午好！欢迎并感谢大家参加今天的新闻发布会。我们今天继续通报深圳疫情防控的最新情况，并就大家关心的问题回答提问。根据疫情防控的需要，有一部分记者在线上参加发布会。 ,1,0,0
03月01日 10:17,,0,0,0
02月28日 14:28,【预告 | 今天10:30深圳将举行新闻发布会，通报疫情防控最新情况】2022年3月1日（星期二）10:30，我市将举行疫情防控新闻发布会，邀请市卫生健康委、市公安局、大鹏新区、市第三人民医院有关负责人出席，通报我市疫情防控最新情况，并回答记者提问，敬请关注。预告 | 今天10:30深圳将举行新闻发布会，通报疫情防控最新情况 ,3,0,1
02月28日 13:04,,2,3,2
02月27日 16:53,【权威发布｜深圳疫情防控最新情况，请看2月28日新闻发布会实录】主持人王楚宏（深圳市委宣传部副部长）： 各位记者朋友： 大家上午好！欢迎并感谢大家参加今天的新闻发布会。我们今天继续通报深圳疫情防控的最新情况，并就大家关心的问题回答提问。根据疫情防控的需要，有一部分记者在线上参加发布会。http://t.cn/A66Z8RtI,6,1,2
02月27日 14:38,,1,4,1
03月13日 13:44,【遇到医疗机构停诊市民看病怎么办？“三区”特困群体如何保障？发布会回应】3月13日，深圳市举行疫情防控新闻发布会。3月12日0-24时，深圳新增66例病例，其中，60例诊断为新冠肺炎确诊病例，6例诊断为新冠病毒无症状感染者；28例在隔离观察的密接人员排查中发现，5例在重点区域筛查中发现，2例在重点人群筛查中发现，31例在社区筛查中发现。新增病例均已转送至市第三人民医院隔离治疗，情况稳定。 市卫生健康委二级巡视员、市疫情防控指挥部新闻发言人林汉城，市民政局副局长杨浩勃，罗湖区委常委、副区长夏东，宝安区委常委、区委区政府办公室主任陈龙兴介绍疫情防控处置最新情况并回答记者提问。市委宣传部副部长、市政府新闻办主任吴筠主持发布会。http://t.cn/A66cxB8v,0,2,0
03月13日 10:28,,4,0,0
03月12日 13:42,预告 | 今天10:30深圳将举行新闻发布会 ，通报疫情防控最新情况 2022年3月13日（星期日）10:30，我市将举行疫情防控新闻发布会，邀请市卫生健康委、市民政局、罗湖区、宝安区等有关负责人出席，通报我市疫情防控最新情况，并回答记者提问，敬请关注。预告 | 今天10:30深圳将举行新闻发布会，通报疫情防控最新情况 ,0,0,3
03月12日 13:41,,0,3,0
03月12日 10:38,【权威发布｜深圳疫情防控最新情况，请看3月12日新闻发布会实录】主持人吴筠（深圳市委宣传部副部长、市政府新闻办主任）：各位媒体朋友，大家上午好！感谢参加今天的新闻发布会。今天我们继续通报深圳疫情防控的最新情况，并就大家关心的问题回答记者的提问。因为疫情防控的需要，我们有一部分记者是在线上参加发布会。http://t.cn/A66ti1oJ,3,0,0
03月11日 13:12,,1,4,0
03月10日 14:09,【多片区抢抓黄金时间开展核酸排查 疫情期间拨打120需要注意什么？发布会回应】3月12日，深圳市举行疫情防控新闻发布会。11日0-24时，深圳新增29例病例，其中，27例诊断为新冠肺炎确诊病例，2例诊断为新冠病毒无症状感染者；6例在隔离观察的密接人员排查中发现，23例在重点区域核酸筛查中发现。新增病例均已转送至市第三人民医院隔离治疗，情况稳定。 市卫生健康委二级巡视员、市疫情防控指挥部新闻发言人林汉城，福田区委常委、区委区政府办公室主任李志东，南山区副区长蔡淡宏、市急救中心主任周强介绍疫情防控处置最新情况并回答记者提问。市委宣传部副部长、市政府新闻办主任吴筠主持发布会。http://t.cn/A66timu8,1,4,0
03月08日 13:18,,2,4,0
03月19日 16:39,【深圳：及时动态调整防控策略 确保产业链供应链安全稳定】3月19日，深圳举行疫情防控新闻发布会。18日0-24时，深圳新增77例病例。其中，7例在社区筛查中发现，4例在重点人群筛查中发现，22例在重点区域筛查中发现，44例在隔离观察的密接人员排查中发现；46例诊断为新冠肺炎确诊病例，31例诊断为新冠病毒无症状感染者。新增病例均已转送至市第三人民医院隔离治疗，情况稳定。流调溯源、隔离管控、核酸检测、医疗救治等相关处置工作正在有序开展。详见：http://t.cn/A66JCC4n,3,3,1
03月18日 14:26,,2,1,1
03月18日 13:16,【权威发布｜深圳疫情防控最新情况，请看3月18日新闻发布会实录】主持人吴筠（深圳市委宣传部副部长、市政府新闻办主任）：各位媒体朋友，大家上午好！感谢参加今天的新闻发布会，我们今天还是继续通报深圳疫情防控的最新情况，并且就大家关心的问题回答记者提问。权威发布｜深圳疫情防控最新情况，请看3月18日新闻发布会实录 ,1,4,1
03月18日 10:26,,2,1,0
03月18日 10:13,【分区分级分类做好精准防控 保障企业有序生产经营】3月18日，深圳举行疫情防控新闻发布会。17日0-24时，深圳新增69例新冠肺炎确诊病例和36例新冠病毒无症状感染者；其中，49例在隔离观察的密接人员排查中发现，28例在重点区域筛查中发现，17例在重点人群筛查中发现，11例在社区筛查中发现。新增病例均已转送至市第三人民医院隔离治疗，情况稳定。流调溯源、隔离管控、核酸检测、医疗救治等相关处置工作正在有序开展。http://t.cn/A66xIOvS,1,2,0
03月17日 14:42,,1,0,0
03月17日 13:39,【直播 | 3月18日深圳市疫情防控新闻发布会】2022年3月18日（星期五）10:30，我市将举行疫情防控新闻发布会，邀请市人民政府副秘书长黄强和市卫生健康委员会、龙岗区、福田区、深圳市康宁医院有关负责人出席，通报我市疫情防控最新情况，并回答记者提问，敬请关注。 http://t.cn/A66xZXj5 http://t.cn/A66xZXlg,3,7,2
03月17日 10:35,【预告 | 今天10:30深圳将举行新闻发布会 ，通报疫情防控最新情况】2022年3月18日（星期五）10:30，我市将举行疫情防控新闻发布会，邀请市人民政府副秘书长黄强和市卫生健康委员会、龙岗区、福田区、深圳市康宁医院有关负责人出席，通报我市疫情防控最新情况，并回答记者提问，敬请关注。 ,1,2,2
03月16日 14:32,,5,1,2
03月16日 13:08,【权威发布｜深圳疫情防控最新情况，请看3月17日新闻发布会实录】主持人吴筠（深圳市委宣传部副部长、市政府新闻办主任）：各位媒体朋友，大家上午好！感谢参加今天的新闻发布会。我们今天继续通报深圳疫情防控的最新情况，并且就大家关心的问题回答记者提问。权威发布｜深圳疫情防控最新情况，请看3月17日新闻发布会实录 ,3,14,0
03月16日 10:33,【直播 | 深圳市疫情防控新闻发布会】2022年3月16日（星期三）10:30，我市将举行疫情防控新闻发布会，邀请市人民政府、市卫生健康委员会、市发展和改革委员会、市政务服务数据管理局、宝安区有关负责人出席，通报我市疫情防控最新情况，并回答记者提问，敬请关注。 http://t.cn/A66IGDU8 http://t.cn/A66IGDU4,4,0,0
03月16日 10:23,【预告 | http://t.cn/A66IqxdV ，通报疫情防控最新情况】2022年3月16日（星期三）10:30，我市将举行疫情防控新闻发布会，邀请市人民政府、市卫生健康委员会、市发展和改革委员会、市政务服务数据管理局、宝安区有关负责人出席，通报我市疫情防控最新情况，并回答记者提问，敬请关注。http://t.cn/A66Iqxdr,2,0,0
03月15日 13:58,,1,0,0
03月15日 12:43,【权威发布｜深圳疫情防控最新情况，请看3月15日新闻发布会实录】主持人吴筠（深圳市委宣传部副部长、市政府新闻办主任）：各位媒体朋友：大家上午好！欢迎和感谢大家参加今天的新闻发布会。今天发布会继续通报深圳疫情防控的最新情况，并且就大家关心的问题回答记者的提问。权威发布｜深圳疫情防控最新情况，请看3月15日新闻发布会实录 ,1,4,2
03月14日 14:32,,2,0,2
03月14日 13:30,【粮、油、肉等重要生活物资实行“日监测、日报告” 慢性病患者可开“长处方”】3月15日，深圳市举行疫情防控新闻发布会。3月14日0-24时，深圳新增60例病例，其中，39例诊断为新冠肺炎确诊病例，21例诊断为新冠病毒无症状感染者；33例在隔离观察的密接人员排查中发现，13例在重点区域筛查中发现，14例在社区筛查中发现。新增病例均已转送至市第三人民医院隔离治疗，情况稳定。 市政府副秘书长黄强，市发展改革委二级巡视员秦世杰，福田区委常委、区委区政府办公室主任李志东，南山区副区长蔡淡宏介绍疫情防控处置最新情况并回答记者提问。市委宣传部副部长、市政府新闻办主任吴筠主持发布会。http://t.cn/A66fxhQE,1,4,1
03月14日 10:34,,9,8,2
03月14日 09:53,【权威发布｜深圳疫情防控最新情况，请看3月14日新闻发布会实录】主持人吴筠（深圳市委宣传部副部长、市政府新闻办主任）：各位媒体朋友，大家上午好！感谢参加今天的新闻发布会。昨天晚上，深圳发布了疫情升级防控的措施，本周进行三轮全员核酸检测，市民、各界都高度关注。今天的新闻发布会为大家通报深圳疫情防控的最新情况，并且就大家关心的问题回答记者的提问。http://t.cn/A66VX1KY,9,4,1
03月13日 13:44,,0,2,0
03月13日 10:28,【7天“慢生活”如何安排？市民必要的出行怎么办？菜、肉供应充足吗？发布会回应】3月13日0-24时，深圳新增86例病例。3月14日上午，深圳举行疫情防控新闻发布会，通报防控举措，在本周进行三轮全员核酸检测，进一步实行“以空间抢时间”的防控策略，尽快切断新一轮疫情社会面传播链条，全力守护好市民群众生命安全和身体健康。 市政府副秘书长黄强，市卫生健康委二级巡视员、市疫情防控指挥部新闻发言人林汉城，市交通运输局副局长徐炜、市商务局副局长简政、市市场监管局副局长莫熙玲、深圳市第三人民医院党委书记刘磊介绍疫情防控处置最新情况并回答记者提问。市委宣传部副部长、市政府新闻办主任吴筠主持发布会。http://t.cn/A66Viboh,4,0,0
03月27日 19:00,【深圳助企纾困政策精准普惠 多措并举全力支持中小微企业发展】3月27日，深圳举行疫情防控新闻发布会。记者获悉，我市已连续4天实现本土新增阳性病例保持在个位数，疫情防控态势总体可控。目前，我市各区各部门正全力支持和服务企业特别是中小微企业发展，多措并举为市场主体纾困解难，共同推动我市社会经济快速健康发展。 市卫生健康委二级巡视员、市疫情防控指挥部新闻发言人林汉城，市国资委副主任任萍，龙岗区委常委、副区长谷更军，坪山区委常委、副区长袁虎勇，光明区委常委、副区长姚高科介绍疫情防控处置最新情况并回答记者提问。市委宣传部副部长、市政府新闻办主任吴筠主持发布会。http://t.cn/A669kLLw,1,2,3
03月27日 17:06,,6,1,2
03月25日 21:52,【直播 | 3月27日深圳市疫情防控新闻发布会】2022年3月27日（星期日）17:00，我市将举行疫情防控新闻发布会，邀请市卫生健康委员会、市人民政府国有资产监督管理委员会、龙岗区、坪山区、光明区有关负责人出席，通报我市疫情防控最新情况，并回答记者提问，敬请关注。 http://t.cn/A6691CLp http://t.cn/A6691CLq,2,0,3
03月25日 20:53,权威发布｜深圳疫情防控最新情况以及惠企纾困“30条”详情，请看3月25日新闻发布会实录 深圳市政府新闻办新闻发布会 时间：2022年3月25日下午4：30 地点：深圳市政府新闻发布厅 实录内容： 主持人吴筠（深圳市委宣传部副部长、市政府新闻办主任）： 各位媒体朋友，大家下午好！感谢参加今天的新闻发布会。我们今天继续为大家通报深圳疫情防控的最新情况，主要是就市场主体纾困的措施进行通报和解读，并且就大家关心的问题回答记者的提问。 出席今天发布会的有： 深圳市人民政府副秘书长黄强先生， 市发展改革委主任郭子平女士， 市工业和信息化局局长余锡权先生， 前海管理局常务副局长黄晓鹏先生， 宝安区委常委、区委区政府办公室主任陈龙兴先生， 南山区副区长夏雷先生。 首先有请市政府副秘书长黄强先生介绍有关情况。http://t.cn/A66oDuRl,2,3,1
03月25日 16:27,,1,0,0
03月24日 21:06,【深圳发布市场纾困“30条” 以超常规举措充分提振市场主体信心】 3月25日，深圳举行疫情防控新闻发布会。记者获悉，市政府正式印发实施《深圳市关于应对新冠肺炎疫情进一步帮助市场主体纾困解难若干措施》，共8部分30条，把降成本作为政策实施的重要发力点，围绕房屋租金减免、减轻水电气费用负担、疫情消杀补贴、缓缴社会保险费等方面，拿出真金白银助企纾困，这些政策措施预计将为全市市场主体减负超750亿元。 市政府副秘书长黄强，市发展改革委主任郭子平，市工业和信息化局局长余锡权，前海管理局常务副局长黄晓鹏，宝安区委常委、区委区政府办公室主任陈龙兴，南山区副区长夏雷介绍疫情防控处置最新情况并回答记者提问。市委宣传部副部长、市政府新闻办主任吴筠主持发布会。http://t.cn/A66oDAGt,1,0,1
03月24日 19:28,,2,10,3
03月24日 17:16,预告 | http://t.cn/A66o8HtA ，通报疫情防控最新情况 2022年3月25日（星期五）16:30，我市将举行疫情防控新闻发布会，邀请市人民政府副秘书长黄强和市发展和改革委员会、市工业和信息化局、市前海深港现代服务业务合作区管理局、宝安区、南山区有关负责人出席，通报我市疫情防控最新情况，并回答记者提问，敬请关注。http://t.cn/A66o8HtK,0,1,0
03月22日 23:37,,2,1,0
03月22日 23:34,【权威发布｜深圳疫情防控最新情况，请看3月24日新闻发布会实录】 深圳市政府新闻办新闻发布会 时间：2022年3月24日下午5：00 地点：深圳市政府新闻发布厅 实录内容： 主持人吴筠（深圳市委宣传部副部长、市政府新闻办主任）：各位媒体朋友，大家下午好！感谢参加今天的新闻发布会。我们今天继续通报深圳疫情防控的最新情况，并且就大家关心的问题回答记者的提问。 图片 出席今天发布会的有： 市卫生健康委二级巡视员，市疫情防控指挥部新闻发言人林汉城先生， 市人力资源保障局副局长高东春女士， 市住房建设局二级巡视员肖民先生， 龙华区委常委、副区长徐志斌先生， 罗湖区副区长肖嘉睿先生。 首先，有请市卫生健康委林汉城先生介绍我市疫情防控的最新情况。 http://t.cn/A66Se3eH,3,3,2
03月22日 17:15,疫情防控新闻发布会正在直播中 发布会邀请市人民政府副秘书长黄强和市发展和改革委员会、市工业和信息化局、市卫生健康委员会、市交通运输局、福田区有关负责人出席，通报我市疫情防控最新情况，并回答记者提问。 ,3,1,2
03月21日 00:13,,2,1,1
03月21日 00:01,【权威发布｜深圳疫情防控最新情况，请看3月20日新闻发布会实录】主持人吴筠（深圳市委宣传部副部长、市政府新闻办主任）： 各位媒体朋友，大家晚上好！感谢参加今天的新闻发布会。我们今天还是继续通报深圳疫情防控的最新情况，并且就大家关心的问题回答记者提问。权威发布｜深圳疫情防控最新情况，请看3月20日新闻发布会实录 ,4,1,2
04月01日 17:01,【吴尊友：清明节期间不要选择跨省份踏青郊游】中国疾控中心流行病学首席专家吴尊友4月1日在国务院联防联控机制新闻发布会上表示，清明节假日期间，如果准备外出踏青、郊游，一定要注意新冠疫情常态化防控个人防护措施的落实。有疫情的地区，不建议外出踏青、郊游。没有疫情的地区，要合理选择外出踏青、郊游的地点，不要选择跨省份的踏青、郊游。出行，最好选择自驾；如果乘坐公共交通工具，要注意戴口罩、手卫生、保持社交距离等个人防护措施落实。 （新华网）http://t.cn/A66OdUr2,3,0,1
03月27日 19:00,【深圳助企纾困政策精准普惠 多措并举全力支持中小微企业发展】3月27日，深圳举行疫情防控新闻发布会。记者获悉，我市已连续4天实现本土新增阳性病例保持在个位数，疫情防控态势总体可控。目前，我市各区各部门正全力支持和服务企业特别是中小微企业发展，多措并举为市场主体纾困解难，共同推动我市社会经济快速健康发展。 市卫生健康委二级巡视员、市疫情防控指挥部新闻发言人林汉城，市国资委副主任任萍，龙岗区委常委、副区长谷更军，坪山区委常委、副区长袁虎勇，光明区委常委、副区长姚高科介绍疫情防控处置最新情况并回答记者提问。市委宣传部副部长、市政府新闻办主任吴筠主持发布会。http://t.cn/A669kLLw,1,2,3
03月27日 17:06,,6,1,2
