﻿时间,内容,点赞,转发,评论
2021-12-19 17:51:24,"西安发布<img src=""https://h5.sinaimg.cn/upload/2016/05/26/319/5337.gif"" alt=""V""/>",8,3,1
2021-12-19 15:26:00,【西安市新冠肺炎疫情防控工作新闻发布会（第30场）】西安市政府新闻办定于12月19日下午，在市政府新闻发布厅召开西安市新冠肺炎疫情防控工作新闻发布会（第30场），邀请市卫健委、市疾控中心、市交通局等单位有关负责同志介绍相关情况。,206,18,58
2021-12-18 15:49:20,,19,12,16
2021-12-18 14:48:39,【国务院联防联控机制就科学精准做好元旦和春节期间疫情防控有关情况举行发布会】国务院联防联控机制定于12月18日（星期六）下午3时，在国家卫生健康委西直门办公区新闻发布厅召开新闻发布会，国家卫生健康委疾控局、疫情应对处置工作领导小组专家组负责同志和北京市有关社区卫生服务中心专家，及民航局、国铁集团相关司局负责同志将出席，介绍科学精准做好元旦和春节期间疫情防控有关情况，并回答媒体提问。敬请关注！,5,1,1
2021-12-18 14:30:18,【陕西省新冠肺炎疫情防控工作新闻发布会（第37场）】陕西省人民政府新闻办公室，于2021年12月18日（星期六）15时举行陕西省新冠肺炎疫情防控工作第三十七场新闻发布会。请陕西省卫生健康委相关负责同志，介绍近期全省疫情防控工作情况。,7,0,0
2021-12-18 13:32:24,【西安市新冠肺炎疫情防控工作新闻发布会（第29场）】西安市政府新闻办定于12月18日（星期六）14时，在市政府新闻发布厅召开西安市新冠肺炎疫情防控工作新闻发布会（第29场），邀请市卫健委、市疾控中心、碑林区等单位有关负责同志介绍相关情况。,33,6,10
2021-12-17 17:23:45,,45,49,16
2021-12-17 17:14:06,,9,3,6
2021-12-17 16:30:03,【西安市新冠肺炎疫情防控工作新闻发布会（第28场）】西安市政府新闻办定于12月17日17时，在市政府新闻发布厅召开西安市新冠肺炎疫情防控工作新闻发布会（第28场），邀请市卫健委、市疾控中心、市商务局有关负责同志介绍相关情况。敬请关注。,252,13,11
2021-12-16 16:30:04,【西安市新冠肺炎疫情防控工作新闻发布会（第27场）】西安市政府新闻办定于12月16日下午，在市政府新闻发布厅召开西安市新冠肺炎疫情防控工作新闻发布会（第27场），邀请市卫健委、市疾控中心、雁塔区有关负责同志介绍相关情况。敬请关注。,301,11,16
2021-12-16 10:00:01,【交通运输部就海事“四化”建设举行专题新闻发布会】为了更加凸显海事系统作为我国水上的主要行政执法力量的重要地位和作用，全方位展现近年来海事建设与发展的亮点和整体形象，定于12月16日（周四）上午10:00在部召开海事“四化”建设专题新闻发布会，发布加强海事队伍革命化、正规化、专业化、职业化建设的总体情况，并围绕近期海事热点话题回答记者提问。敬请关注。<br/>,2,0,0
2021-12-16 10:00:01,【国家发展改革委12月份例行新闻发布会】,3,0,0
2021-12-15 14:29:59,【西安市新冠肺炎疫情防控工作新闻发布会（第26场）】西安市政府新闻办定于12月15日（星期三）下午3点，在市政府新闻发布厅召开西安市新冠肺炎疫情防控工作新闻发布会（第26场），邀请市卫健委、市疾控中心有关负责同志介绍相关情况。敬请关注。,315,21,32
2021-12-15 10:05:14,【民航局“我为群众办实事”系列新闻发布会（二）】民航局定于12月15日（星期三）10:00在民航局机关二楼多功能厅举行新闻发布会，民航局相关司局负责人、相关单位负责人将介绍11月民航安全生产运行情况、便利老年人航空出行相关措施及成效、民航推进行李全流程跟踪相关情况、民航服务质量监督平台上线后运行情况和首都机场“我为群众办实事”工作情况及成效。敬请关注！,3,2,0
2021-12-14 15:23:59,,1,1,1
2021-12-12 16:31:34,,293,21,53
2021-12-26 22:32:46,"西安发布<img src=""https://h5.sinaimg.cn/upload/2016/05/26/319/5337.gif"" alt=""V""/>",14,4,1
2021-12-26 21:11:09,,17,9,4
"2021-12-26 19:41:07</span></div></div><div class=""s""></div><div class=""c"" id=""M_L7Q4NuKTw""><div><span class=""ctt"">【西安市新冠肺炎疫情防控工作新闻发布会（第37场）】西安市政府新闻办定于2021年12月26日下午17时，在市政府新闻发布厅召开西安市新冠肺炎疫情防控工作新闻发布会(第37场) ，邀请市疫情防控指挥部、市民政局、市农业农村局等单位有关负责同志参加，通报我市疫情防控工作有关情况。敬请关注。<a href=""https://weibo.cn/pages/100808topic?extparam=%E5%B0%8F%E5%B8%83%E7%9B%B4%E6%92%AD&amp;from=feed"">#小布直播#</a> 西安发布的微博视频 </span>",,14,6,4
2021-12-26 15:59:52,【西安市新冠肺炎疫情防控工作新闻发布会（第37场）】西安市政府新闻办定于2021年12月26日下午17时，在市政府新闻发布厅召开西安市新冠肺炎疫情防控工作新闻发布会(第37场) ，邀请市疫情防控指挥部、市民政局、市农业农村局等单位有关负责同志参加，通报我市疫情防控工作有关情况。敬请关注。,86,4,10
2021-12-25 19:30:03,,12,8,17
2021-12-25 18:49:00,,6,6,2
2021-12-25 18:00:56,,7,1,1
2021-12-25 17:49:54,,16,8,1
2021-12-25 16:08:51,,52,6,33
2021-12-25 15:44:20,【陕西省新冠肺炎疫情防控工作新闻发布会（第40场）】2021年12月25日(星期六)16时，陕西省人民政府新闻办公室举行陕西省新冠肺炎疫情防控工作第四十场新闻发布会，省卫生健康委、省民政厅、省农业农村厅、省商务厅相关负责同志，介绍近期全省疫情防控工作情况。,362,9,96
2021-12-24 16:16:36,【西安市新冠肺炎疫情防控工作新闻发布会（第35场）】西安市政府新闻办定于2021年12月24日下午17时，在市政府新闻发布厅召开西安市新冠肺炎疫情防控工作新闻发布会(第35场) 。邀请市卫生健康委、市疾控中心、市城管局、市交通局等单位有关负责同志参加，通报我市疫情防控工作有关情况。敬请关注。,62,7,22
2021-12-24 15:00:00,【国新办就2021年全国交通运输工作情况举行发布会】国务院新闻办公室定于2021年12月24日（星期五）下午3时举行新闻发布会，交通运输部新闻发言人、政策研究室主任刘鹏飞，新闻发言人、运输服务司司长蔡团结，新闻发言人、综合规划司副司长范振宇介绍2021年全国交通运输工作情况，并答记者问。敬请关注！,3,0,1
2021-12-23 16:30:33,【西安市新冠肺炎疫情防控工作新闻发布会（第34场）】西安市政府新闻办定于2021年12月23日17时，在市政府新闻发布厅召开西安市新冠肺炎疫情防控工作新闻发布会(第34场)。邀请市卫生健康委、市商务局、市市场监管局等单位有关负责同志参加，通报我市疫情防控工作有关情况，敬请关注。,456,9,34
2021-12-22 16:33:23,【西安市新冠肺炎疫情防控工作新闻发布会（第33场）】西安市政府新闻办定于12月22日（星期三）下午5点，在市政府新闻发布厅召开西安市新冠肺炎疫情防控工作新闻发布会（第33场），邀请市疫情防控指挥部、市卫生健康委、市疾控中心等单位有关负责同志介绍相关情况。,167,19,52
2021-12-22 16:00:00,【陕西省新冠肺炎疫情防控工作新闻发布会（第39场）】2021年12月22日（星期三）16时，陕西省政府举行新冠肺炎疫情防控工作第三十九场新闻发布会，省卫生健康委、省教育厅、省公安厅、西安市相关负责同志出席，介绍近期全省疫情防控工作情况。,28,9,6
2021-12-22 14:45:33,【国新办就全面推行河湖长制五周年有关情况举行发布会】国务院新闻办公室定于2021年12月22日（星期三）下午3时举行新闻发布会，水利部副部长魏山忠介绍全面推行河湖长制五周年有关情况，并答记者问。敬请关注！,7,1,1
2021-12-21 17:22:13,,4,4,2
2021-12-21 16:15:13,【西安市新冠肺炎疫情防控工作新闻发布会（第32场）】西安市政府新闻办定于12月21日（星期二）下午5点，在市政府新闻发布厅召开西安市新冠肺炎疫情防控工作新闻发布会（第32场），邀请市卫生健康委、市疾控中心、市民政局、市市场监管局、雁塔区等单位有关负责同志介绍相关情况。,138,7,48
2021-12-21 15:44:41,,6,6,18
2021-12-20 17:00:00,【西安市新冠肺炎疫情防控工作新闻发布会（第31场）】2021年12月20日，西安市人民政府将召开西安市新冠肺炎疫情防控工作新闻发布会（第31场），邀请市政府分管副市长、市卫生健康委、市教育局、市大数据局等单位有关负责同志介绍相关情况。,102,10,35
2021-12-20 14:40:39,【国务院联防联控机制就科学精准做好疫情防控有关情况举行新闻发布会】国务院联防联控机制定于12月20日（周一）下午3:00召开新闻发布会，交通运输部应急办、国家卫生健康委疾控局、海关总署卫生检疫司、移民管理局边检司负责同志，以及中国疾控中心免疫规划首席专家将出席，介绍科学精准做好疫情防控有关情况，并回答媒体提问。敬请关注！,16,5,18
2021-12-19 17:51:24,,8,3,1
2021-12-19 15:26:00,【西安市新冠肺炎疫情防控工作新闻发布会（第30场）】西安市政府新闻办定于12月19日下午，在市政府新闻发布厅召开西安市新冠肺炎疫情防控工作新闻发布会（第30场），邀请市卫健委、市疾控中心、市交通局等单位有关负责同志介绍相关情况。,206,18,58
01月02日 16:30,"西安发布<img src=""https://h5.sinaimg.cn/upload/2016/05/26/319/5337.gif"" alt=""V""/>",82,15,289
01月01日 17:47,,25,29,22
01月01日 16:28,【西安市新冠肺炎疫情防控工作新闻发布会（第43场）】西安市政府新闻办定于2022年1月1日下午17时，在市政府新闻发布厅召开西安市新冠肺炎疫情防控工作新闻发布会(第43场) 。邀请市卫健委、新城区、经开区相关单位负责同志参加，通报我市疫情防控工作情况。敬请关注。,92,13,85
01月01日 11:32,,13,8,4
2021-12-31 20:42:00,,97,48,37
2021-12-31 19:12:31,,12,2,9
2021-12-31 18:24:56,,11,3,2
2021-12-31 18:11:49,,12,1,7
2021-12-31 18:11:46,,6,1,4
2021-12-31 16:37:06,,43,10,115
2021-12-31 14:31:12,,31,5,11
2021-12-30 16:29:05,【西安市新冠肺炎疫情防控工作新闻发布会（第41场）】西安市政府新闻办定于2021年12月30日下午，在市政府新闻发布厅召开西安市新冠肺炎疫情防控工作新闻发布会(第41场)。邀请市卫健委、市公安局、西咸新区等单位有关负责同志参加，通报我市疫情防控工作情况。敬请关注。,184,14,91
2021-12-29 18:57:16,,17,9,9
2021-12-29 18:23:06,,41,8,36
2021-12-29 16:33:12,【西安市新冠肺炎疫情防控工作新闻发布会（第40场）】西安市政府新闻办定于2021年12月29日(星期三)下午，在市政府新闻发布厅，召开西安市新冠肺炎疫情防控工作新闻发布会(第40场)。邀请市疫情防控指挥部、市卫生健康委、市商务局、莲湖区等单位有关负责同志参加，通报我市疫情防控工作有关情况。敬请关注。,114,11,81
2021-12-29 14:30:54,【国务院联防联控机制就科学精准做好元旦和春节期间疫情防控有关情况举行发布会】国务院联防联控机制定于12月29日（星期三）下午3时，召开新闻发布会，教育部、交通运输部、文化和旅游部、国家卫生健康委、市场监管总局相关司局负责同志将出席，介绍科学精准做好元旦春节期间疫情防控有关情况，并回答媒体提问。敬请关注！,24,4,31
2021-12-29 10:19:42,【中国气象局2022年1月新闻发布会】中国气象局定于12月29日（周三）上午10:30召开2022年1月新闻发布会，届时将发布元旦假期全国天气趋势、2021年国内外十大天气气候事件、2021年天然氧吧评价结果等内容。敬请关注！,6,1,2
2021-12-28 21:16:52,,12,10,18
2021-12-28 20:02:36,,32,4,15
2021-12-28 17:31:02,【别担心，长安区6个农贸市场、8个大型商超，保障群众生活必需品供应！】,70,366,377
2021-12-28 17:25:10,【即日起，,115,42,66
2021-12-28 16:25:55,【西安市新冠肺炎疫情防控工作新闻发布会（第39场）】西安市政府新闻办定于2021年12月28日（星期二）下午5:00，在市政府新闻发布厅召开西安市新冠肺炎疫情防控工作新闻发布会（第39场）。邀请市卫生健康委、长安区、高新区等单位有关负责同志参加，通报我市疫情防控工作有关情况。,507,24,104
2021-12-27 18:42:54,,65,6,51
2021-12-27 18:40:18,,5,1,1
2021-12-27 16:30:25,【西安市新冠肺炎疫情防控工作新闻发布会（第38场）】西安市政府新闻办定于2021年12月27日下午17点，在市政府新闻发布厅召开西安市新冠肺炎疫情防控工作新闻发布会(第38场)。邀请市卫生健康委、市疾控中心、市交通局、市市场监管局等单位有关负责同志参加，通报我市疫情防控工作有关情况。敬请关注。,32,6,10
2021-12-27 15:40:01,【陕西省新冠肺炎疫情防控工作新闻发布会（第41场）】2021年12月27日(星期一)16时，陕西省人民政府新闻办公室举行陕西省新冠肺炎疫情防控工作第四十一场新闻发布会，省卫生健康委、省交通运输厅、中铁西安局集团、西部机场集团相关负责同志，介绍近期全省疫情防控工作情况。,25,9,1
2021-12-26 22:32:46,,14,4,1
2021-12-26 21:11:09,,17,9,4
"2021-12-26 19:41:07</span></div></div><div class=""s""></div><div class=""c"" id=""M_L7Q4NuKTw""><div><span class=""ctt"">【西安市新冠肺炎疫情防控工作新闻发布会（第37场）】西安市政府新闻办定于2021年12月26日下午17时，在市政府新闻发布厅召开西安市新冠肺炎疫情防控工作新闻发布会(第37场) ，邀请市疫情防控指挥部、市民政局、市农业农村局等单位有关负责同志参加，通报我市疫情防控工作有关情况。敬请关注。<a href=""https://weibo.cn/pages/100808topic?extparam=%E5%B0%8F%E5%B8%83%E7%9B%B4%E6%92%AD&amp;from=feed"">#小布直播#</a> 西安发布的微博视频 </span>",,14,6,4
2021-12-26 15:59:52,【西安市新冠肺炎疫情防控工作新闻发布会（第37场）】西安市政府新闻办定于2021年12月26日下午17时，在市政府新闻发布厅召开西安市新冠肺炎疫情防控工作新闻发布会(第37场) ，邀请市疫情防控指挥部、市民政局、市农业农村局等单位有关负责同志参加，通报我市疫情防控工作有关情况。敬请关注。,86,4,10
01月09日 17:38,"西安发布<img src=""https://h5.sinaimg.cn/upload/2016/05/26/319/5337.gif"" alt=""V""/>",9,4,4
01月09日 17:19,【发布会快讯|1月9日15时起，,15,4,4
01月09日 17:16,【发布会快讯|截至1月8日24时，,11,3,1
01月09日 17:13,【发布会快讯|截至1月8日24时，,5,2,1
01月09日 16:11,【西安市新冠肺炎疫情防控工作新闻发布会（第51场）】,87,6,21
01月08日 18:12,,618,15,178
01月08日 18:12,,17,7,6
01月08日 17:57,,12,9,6
01月08日 17:51,,11,13,5
01月08日 17:42,,12,2,4
01月08日 17:40,,4,2,2
01月08日 17:36,,4,1,1
01月08日 16:31,,58,2,11
01月08日 14:46,【国务院联防联控机制就假期疫情防控和保供稳价有关情况举行新闻发布会】国务院联防联控机制1月8日（星期六）下午15时召开新闻发布会，国家发展改革委、农业农村部、商务部、国家卫生健康委相关司局负责同志，将介绍节日期间疫情防控和保供稳价有关情况，并回答媒体提问。,12,0,3
01月07日 18:52,【发布会快讯 |市公安局：针对基本医疗物资保供货运车辆开通“绿色通道”】,4,9,2
01月07日 18:14,,4,5,1
01月07日 18:12,,4,6,4
01月07日 18:11,,2,5,2
01月07日 18:06,,2,4,6
01月07日 18:02,,5,6,4
01月07日 17:48,,4,4,1
01月07日 17:42,,6,6,2
01月07日 17:41,,4,4,1
01月07日 17:36,,5,5,3
01月07日 17:34,,5,2,1
01月07日 16:35,【西安市新冠肺炎疫情防控工作新闻发布会（第49场）】西安市政府新闻办定于2022年1月7日(星期五)下午17时，在市政府新闻发布厅，召开西安市新冠肺炎疫情防控工作新闻发布会(第49场)。邀请市卫生健康委、市应急指挥部、市疾控中心、市公安局、市邮政局等单位有关负责同志参加，通报我市疫情防控工作有关情况。敬请关注。,68,15,58
01月06日 16:40,,67,7,30
01月05日 19:19,【发布会快讯丨,20,6,17
01月05日 19:17,【发布会快讯丨,12,6,6
01月05日 19:16,【发布会快讯丨@ 西安人 ,24,17,16
01月05日 17:58,【发布会快讯 | 关于我市疫情防护下一步工作】,19,12,16
01月05日 17:56,【发布会快讯 | 社区筛查发现病例明显下降 我市疫情形势产生积极变化】,12,7,5
01月05日 17:41,【发布会快讯 | 病例总量呈现下降趋势 但仍不能麻痹松懈】,4,5,6
01月05日 16:12,【西安市新冠肺炎疫情防控工作新闻发布会（第47场）】西安市政府新闻办定于2022年1月5日下午17时，在市政府新闻发布厅召开西安市新冠肺炎疫情防控工作新闻发布会(第47场)。邀请市疫情防控指挥部、卫健委、疾控中心、高新区等单位负责同志参加，通报我市疫情防控工作情况。敬请关注。,486,14,34
01月04日 17:31,【西安市新冠肺炎疫情防控工作新闻发布会（第46场）】西安市政府新闻办定于2022年1月4日18时，在市政府新闻发布厅召开西安市新冠肺炎疫情防控工作新闻发布会(第46场)。邀请相关单位负责同志参加，通报我市疫情防控工作情况。敬请关注。,76,23,85
01月04日 17:14,,8,3,8
01月04日 14:31,【陕西省新冠肺炎疫情防控工作新闻发布会（第43场）】2022年1月4日（星期二）15时，陕西省人民政府新闻办公室举行陕西省新冠肺炎疫情防控工作第四十三场新闻发布会，陕西省卫生健康委员会、陕西省工业和信息化厅、陕西省财政厅、延安市人民政府负责同志，介绍近期全省疫情防控工作情况。,25,8,16
01月03日 18:22,【发布会快讯|,40,31,35
01月03日 18:20,【发布会快讯|,11,7,9
"01月03日 18:01</span></div></div><div class=""s""></div><div class=""c"" id=""M_L94hpz18k""><div><span class=""ctt"">【发布会快讯|提醒市民朋友们：<a href=""https://weibo.cn/pages/100808topic?extparam=%E5%81%9A%E6%A0%B8%E9%85%B8%E6%97%B6%E6%B3%A8%E6%84%8F%E8%BF%99%E5%9B%9B%E7%82%B9&amp;from=feed"">#做核酸时注意这四点#</a>】<a href=""https://weibo.cn/pages/100808topic?extparam=%E5%B0%8F%E5%B8%83%E6%8F%90%E7%A4%BA&amp;from=feed"">#小布提示#</a> 1月3日下午，市政府新闻办召开西安市新冠肺炎疫情防控工作新闻发布会（第45场），通报疫情防控最新情况。<br/>       发布会上，相关负责人提醒市民朋友们在去做核酸时，注意以下四点：<br/>       一是住在中低楼层、身体健康的市民，下楼时，优选走楼梯通道，把电梯留给老人、幼儿以及高楼层的邻居们。乘坐电梯时要保持距离，有序排队，不拥挤、不扎堆。<br/>       二是前去核酸检测时，按照社区通知，提前准备，不抢不怠，准时达到采样点有序排队，不聚集，不聊天，人与人之间保持1米线的距离。<br/>       三是采集咽拭子时，尽量放松，注意不要对着医护人员或其他人咳嗽、打喷嚏等。<br/>       四是采样结束后，最好换戴备用口罩，将废弃口罩投入指定垃圾箱内，立即回家，回家后先洗手或手消毒。当前正值寒冬，气温较低，请市民朋友还要听从社区的安排，提前规划好行程，做好防寒措施。</span></div><div><a href=""https://weibo.cn/mblog/pic/L94hpz18k?rl=1""><img src=""https://wx1.sinaimg.cn/wap180/dff1d1efly1gy0mzxeionj24mo28t7wk.jpg"" alt=""图片"" class=""ib"" /></a>",【发布会快讯|,20,3,10
"01月03日 17:59</span></div></div><div class=""s""></div><div class=""c"" id=""M_L94fUt9y9""><div><span class=""ctt"">【<a href=""https://weibo.cn/pages/100808topic?extparam=%E8%A5%BF%E5%AE%891646%E7%A1%AE%E8%AF%8A%E7%97%85%E4%BE%8B%E4%BB%A5%E8%BD%BB%E7%97%87%E5%92%8C%E6%99%AE%E9%80%9A%E5%9E%8B%E4%B8%BA%E4%B8%BB&amp;from=feed"">#西安1646确诊病例以轻症和普通型为主#</a>】<a href=""https://weibo.cn/pages/100808topic?extparam=%E8%A5%BF%E5%AE%89%E6%88%98%E7%96%AB+%E4%BC%97%E5%BF%97%E6%88%90%E5%9F%8E&amp;from=feed"">#西安战疫 众志成城#</a> 1月3日下午，市政府新闻办召开西安市新冠肺炎疫情防控工作新闻发布会（第45场），通报疫情防控最新情况。<br/>       据介绍，截至目前，我市已治愈17人，均转入西安秦皇医院接受健康监测、隔离康复。现有1646例确诊病例在市胸科医院、市第四医院航天院区、长安区医院隔离治疗，患者总体以轻症和普通型为主，其中危重型5例、重型16例。<br/>       据悉，为进一步加强新冠肺炎患者救治力量，陕西省人民医院做为后备定点收治新冠肺炎患者医院，已完成全部准备工作。同时，我市抽调西北妇女儿童医院16名医生、50名护士，组建1支儿科医疗队，支援新冠肺炎定点救治医院长安区医院，全力做好儿童患者救治工作。目前在院患者病情平稳。</span></div><div><a href=""https://weibo.cn/mblog/pic/L94fUt9y9?rl=1""><img src=""https://wx2.sinaimg.cn/wap180/dff1d1efly1gy0mw36ujbj24mo28t7wk.jpg"" alt=""图片"" class=""ib"" /></a>",【发布会快讯|提醒市民朋友们：,12,5,3
"01月03日 17:56</span></div></div><div class=""s""></div><div class=""c"" id=""M_L93FOFaZI""><div><span class=""ctt"">【西安市新冠肺炎疫情防控工作新闻发布会（第45场）】西安市政府新闻办定于2022年1月3日下午17时，在市政府新闻发布厅召开西安市新冠肺炎疫情防控工作新闻发布会(第45场) 。邀请市卫健委、商务局、雁塔区、市精神卫生中心等相关单位负责同志参加，通报我市疫情防控工作情况。敬请关注。<a href=""https://weibo.cn/pages/100808topic?extparam=%E5%B0%8F%E5%B8%83%E7%9B%B4%E6%92%AD&amp;from=feed"">#小布直播#</a> 西安发布的微博视频 </span>",【,9,5,3
01月03日 16:27,【西安市新冠肺炎疫情防控工作新闻发布会（第45场）】西安市政府新闻办定于2022年1月3日下午17时，在市政府新闻发布厅召开西安市新冠肺炎疫情防控工作新闻发布会(第45场) 。邀请市卫健委、商务局、雁塔区、市精神卫生中心等相关单位负责同志参加，通报我市疫情防控工作情况。敬请关注。,95,18,17
01月02日 16:30,,82,15,289
01月16日 16:39,"西安发布<img src=""https://h5.sinaimg.cn/upload/2016/05/26/319/5337.gif"" alt=""V""/>",397,17,75
"01月15日 23:14</span></div></div><div class=""s""></div><div class=""pa"" id=""pagelist""><form action=""/3757167087/profile?keyword=%E6%96%B0%E9%97%BB%E5%8F%91%E5%B8%83%E4%BC%9A&amp;hasori=0&amp;haspic=0&amp;starttime=20220109&amp;endtime=20220116&amp;advancedfilter=1"" method=""post""><div><a href=""/3757167087/profile?keyword=%E6%96%B0%E9%97%BB%E5%8F%91%E5%B8%83%E4%BC%9A&amp;hasori=0&amp;haspic=0&amp;starttime=20220109&amp;endtime=20220116&amp;advancedfilter=1&amp;page=2"">下页</a>",,2,3,3
01月15日 17:25,【发布会快讯 | 春节将至，,17,12,20
01月15日 17:17,【发布会快讯 | 今日9时起 我市有序启动部分区县核酸筛查工作】,12,4,2
01月15日 17:16,【发布会快讯 | 截至1月14日24时，累计治愈932人】,3,3,2
01月15日 17:15,【发布会快讯 | ,4,1,0
01月15日 16:24,【西安市新冠肺炎疫情防控工作新闻发布会（第57场）】西安市政府新闻办定于2022年1月15日17时，在市政府新闻发布厅召开西安市新冠肺炎疫情防控工作新闻发布会(第57场) 。邀请市卫健委、鄠邑区、经开区、浐灞生态区等相关单位负责同志参加，通报我市疫情防控工作情况。敬请关注。,51,12,43
01月15日 14:35,【国务院联防联控机制就节日期间疫情防控工作有关情况举行发布会】国务院联防联控机制定于1月15日（星期六）下午3时，在国家卫生健康委西直门办公区新闻发布厅召开新闻发布会，教育部、交通运输部、国家卫生健康委、民航局、国铁集团相关司局负责同志将出席，介绍节日期间疫情防控工作有关情况，并回答媒体提问。,20,0,5
01月15日 14:24,【陕西省新冠肺炎疫情防控工作第四十四场新闻发布会】定于2022年1月15日（星期六）15时举行陕西省新冠肺炎疫情防控工作第四十四场新闻发布会，邀请省卫生健康委副主任马光辉，省文化和旅游厅副厅长唐利如，西安交通大学副校长、西安交大一附院院长吕毅，介绍近期全省疫情防控工作情况，并回答记者提问。,19,3,14
01月14日 16:29,【西安市新冠肺炎疫情防控工作新闻发布会（第56场）】西安市政府新闻办定于2022年1月14日17时，在市政府新闻发布厅召开西安市新冠肺炎疫情防控工作新闻发布会(第56场)。邀请市卫健委、临潼区、航天基地、国际港务区等单位相关单位负责同志参加，通报我市疫情防控工作情况。敬请关注。,352,8,77
01月14日 09:48,【国新办就《2021年全年进出口情况》举行新闻发布会】国务院新闻办公室定于2022年1月14日（星期五）上午10时举行新闻发布会，请海关总署新闻发言人、统计分析司司长李魁文介绍2021年全年进出口情况，并答记者问。,11,1,2
01月13日 17:33,,6,5,4
01月13日 17:30,,2,3,2
01月13日 17:20,,5,2,2
01月13日 16:30,【西安市新冠肺炎疫情防控工作新闻发布会（第55场）】西安市政府新闻办定于2022年1月13日下午17时，在市政府新闻发布厅召开西安市新冠肺炎疫情防控工作新闻发布会(第55场)。邀请市卫健委、阎良区、高陵区、未央区等相关单位负责同志参加，通报我市疫情防控工作情况。敬请关注。,404,15,142
01月13日 10:30,最高人民法院定于1月13日上午10:30在最高人民法院全媒体发布厅举行2022年首场新闻发布会，发布《最高人民法院关于审理生态环境侵权纠纷案件适用惩罚性赔偿的解释》。敬请关注！,1,1,1
01月12日 16:31,【西安市新冠肺炎疫情防控工作新闻发布会（第54场）】西安市政府新闻办定于2022年1月12日（星期三）17时，在市政府新闻发布厅召开西安市新冠肺炎疫情防控工作新闻发布会（第54场）。邀请市卫生健康委、市疫情防控指挥部、蓝田县、周至县等单位有关负责同志参加，通报我市疫情防控工作有关情况。敬请关注。,676,9,121
01月12日 09:49,【国新办介绍《2021年知识产权相关工作统计数据》新闻发布会】国务院新闻办公室定于2022年1月12日（星期三）上午10时举行新闻发布会，请国家知识产权局副局长兼办公室主任、新闻发言人胡文辉介绍2021年知识产权相关工作统计数据，并答记者问。,5,1,0
01月11日 16:28,【西安市新冠肺炎疫情防控工作新闻发布会（第53场）】西安市政府新闻办定于2022年1月11日下午17时，在市政府新闻发布厅召开西安市新冠肺炎疫情防控工作新闻发布会（第53场）。邀请市卫健委、莲湖区、红会医院等单位有关负责同志通报疫情防控工作有关情况。敬请关注。,332,15,55
01月11日 09:30,【国新办《“十四五”公共服务规划》情况介绍新闻发布会】国务院新闻办公室定于2022年1月11日（星期二）上午10时举行新闻发布会，请国家发展改革委秘书长赵辰昕和教育部、民政部、人力资源社会保障部、住房城乡建设部、国家卫生健康委有关负责人介绍《“十四五”公共服务规划》有关情况，并答记者问。,1,0,5
01月10日 15:35,【西安市新冠肺炎疫情防控工作新闻发布会（第52场）】西安市政府新闻办定于2022年1月10日（星期一）17时，在市政府新闻发布厅，召开西安市新冠肺炎疫情防控工作新闻发布会（第52场）。邀请市卫生健康委、灞桥区等单位有关负责同志和知名专家参加，通报我市疫情防控工作有关情况。敬请关注。,334,11,41
01月09日 17:38,【发布会快讯|,9,4,4
01月09日 17:19,【发布会快讯|1月9日15时起，,15,4,4
01月09日 17:16,【发布会快讯|截至1月8日24时，,11,3,1
01月09日 17:13,【发布会快讯|截至1月8日24时，,5,2,1
01月09日 16:11,【西安市新冠肺炎疫情防控工作新闻发布会（第51场）】,87,6,21
01月23日 23:00,"西安发布<img src=""https://h5.sinaimg.cn/upload/2016/05/26/319/5337.gif"" alt=""V""/>",8,1,0
01月23日 17:29,【西安各区解封前24小时内全员核酸检测】,23,6,7
"01月23日 16:58</span></div></div><div class=""s""></div><div class=""c"" id=""M_Lc5JThQwN""><div><span class=""ctt"">【陕西省新冠肺炎疫情防控工作新闻发布会（第45场）】2022年1月23日(星期日)15时举行陕西省新冠肺炎疫情防控工作第四十五场新闻发布会，陕西省卫生健康委、省发展改革委、省工业和信息化厅、省教育厅、省医疗保障局相关负责同志出席，介绍统筹做好疫情防控和经济社会发展有关情况。<a href=""https://weibo.cn/pages/100808topic?extparam=%E5%B0%8F%E5%B8%83%E7%9B%B4%E6%92%AD&amp;from=feed"">#小布直播#</a> http://t.cn/A6J1bete</span>",【陕西出台一季度经济稳增长10条措施】,3,3,5
01月23日 15:13,【陕西省新冠肺炎疫情防控工作新闻发布会（第45场）】2022年1月23日(星期日)15时举行陕西省新冠肺炎疫情防控工作第四十五场新闻发布会，陕西省卫生健康委、省发展改革委、省工业和信息化厅、省教育厅、省医疗保障局相关负责同志出席，介绍统筹做好疫情防控和经济社会发展有关情况。,192,4,38
01月22日 16:29,【西安市统筹推进疫情防控和经济社会发展新闻发布会】西安市政府新闻办定于2022年1月22日（星期六）17时，在市政府新闻发布厅召开西安市统筹推进疫情防控和经济社会发展系列新闻发布会。邀请市疫情防控指挥部、市民政局、市人社局、市农业农村局等单位有关负责同志参加，通报有关情况，敬请关注。,29,2,16
"01月22日 15:40</span></div></div><div class=""s""></div><div class=""c"" id=""M_LbW7PgdG0""><div><span class=""ctt"">【国务院联防联控机制就节日期间疫情防控工作有关情况举行发布会】国务院联防联控机制定于1月22日（星期六）下午3时，在国家卫生健康委西直门办公区新闻发布厅（西城区北礼士路甲38号）召开新闻发布会，民政部政权司、农业农村部合作经济司、国家卫生健康委疾控局、基层司及疫情应对处置工作领导小组专家组相关负责同志将出席，介绍节日期间疫情防控工作有关情况，并回答媒体提问。敬请关注！<a href=""https://weibo.cn/pages/100808topic?extparam=%E5%B0%8F%E5%B8%83%E7%9B%B4%E6%92%AD&amp;from=feed"">#小布直播#</a> http://t.cn/A6Jn5UgU http://t.cn/A6Jn5Ur6</span>",,6,1,2
01月22日 14:45,【国务院联防联控机制就节日期间疫情防控工作有关情况举行发布会】国务院联防联控机制定于1月22日（星期六）下午3时，在国家卫生健康委西直门办公区新闻发布厅（西城区北礼士路甲38号）召开新闻发布会，民政部政权司、农业农村部合作经济司、国家卫生健康委疾控局、基层司及疫情应对处置工作领导小组专家组相关负责同志将出席，介绍节日期间疫情防控工作有关情况，并回答媒体提问。敬请关注！,14,1,5
01月21日 16:40,【致敬，风雪中的坚守！】,121,17,20
01月21日 09:45,【国新办《介绍2021年外汇收支数据》新闻发布会】国务院新闻办公室定于2022年1月21日（星期五）上午10时举行新闻发布会，请国家外汇管理局副局长、新闻发言人王春英介绍2021年外汇收支数据，并答记者问。,4,1,0
01月20日 17:14,,63,3,12
01月20日 14:45,【国新办《2021年农业农村经济运行情况》新闻发布会】国务院新闻办公室定于2022年1月20日（星期四）下午3时举行新闻发布会，请农业农村部总农艺师、发展规划司司长曾衍德介绍2021年农业农村经济运行情况，并答记者问。,7,2,1
01月20日 09:40,【国新办《2021年工业与信息化发展情况》新闻发布会】国务院新闻办公室定于2022年1月20日（星期四）上午10时举行新闻发布会，请工业和信息化部总工程师、新闻发言人田玉龙介绍2021年工业和信息化发展情况，并答记者问。,4,0,1
01月19日 17:55,,12,6,3
01月19日 17:51,,12,6,1
01月19日 17:48,,9,8,2
01月19日 17:42,,7,2,3
01月19日 17:34,,5,4,4
01月19日 17:22,,27,14,42
01月19日 17:20,,10,4,1
01月19日 17:15,,136,40,110
01月19日 17:11,,36,3,13
01月19日 16:39,【西安市新冠肺炎疫情防控工作新闻发布会（第61场）】西安市政府新闻办定于2022年1月19日17时，在市政府新闻发布厅召开西安市新冠肺炎疫情防控工作新闻发布会(第61场)。邀请市疫情防控指挥部、市疾控中心、灞桥区等单位负责同志参加，通报我市疫情防控工作情况。敬请关注。,56,6,26
01月19日 14:46,【国新办《2021年中央企业经济运行情况》新闻发布会】国务院新闻办公室定于2022年1月19日（星期三）下午3时举行新闻发布会，请国务院国有资产监督管理委员会秘书长、新闻发言人彭华岗介绍2021年中央企业经济运行情况，并答记者问,4,2,3
"01月18日 19:19</span></div></div><div class=""s""></div><div class=""pa"" id=""pagelist""><form action=""/3757167087/profile?keyword=%E6%96%B0%E9%97%BB%E5%8F%91%E5%B8%83%E4%BC%9A&amp;hasori=0&amp;haspic=0&amp;starttime=20220116&amp;endtime=20220123&amp;advancedfilter=1"" method=""post""><div><a href=""/3757167087/profile?keyword=%E6%96%B0%E9%97%BB%E5%8F%91%E5%B8%83%E4%BC%9A&amp;hasori=0&amp;haspic=0&amp;starttime=20220116&amp;endtime=20220123&amp;advancedfilter=1&amp;page=4"">下页</a>",,9,4,6
01月18日 16:40,【西安市新冠肺炎疫情防控工作新闻发布会（第60场）】西安市政府新闻办定于2022年1月18日17时，在市政府新闻发布厅召开西安市新冠肺炎疫情防控工作新闻发布会(第60场)。邀请市卫健委、新城区、莲湖区、未央区等负责同志参加，通报我市疫情防控工作情况。敬请关注。,121,5,84
01月18日 14:45,【国新办《介绍2021年金融统计数据》新闻发布会】国务院新闻办公室定于2022年1月18日（星期二）下午3时举行新闻发布会，请中国人民银行副行长刘国强介绍2021年金融统计数据，并答记者问。,7,1,3
01月17日 17:19,【发布会快讯|截至目前，,12,3,16
01月17日 17:19,【发布会快讯疫情防控期间各类人员如何就医？安排来了】,2,6,3
01月17日 17:18,【发布会快讯|1月17日9时起，对这三个区和所有封控区、集中隔离点人员开展核酸筛查工作】,10,3,3
01月17日 17:08,【发布会快讯|,10,2,3
01月17日 16:45,【西安市新冠肺炎疫情防控工作新闻发布会（第59场）】西安市政府新闻办定于2022年1月17日17时，在市政府新闻发布厅召开西安市新冠肺炎疫情防控工作新闻发布会(第59场)邀请市卫生健康委、市交通局、高新区等单位有关负责同志参加，通报我市疫情防控工作有关情况，敬请关注。,169,5,29
01月17日 11:11,【国家统计局：2021年GDP比上年增长8.1% 】,6,2,0
01月17日 11:07,【国家统计局：2021年年末全国人口141260万人】,6,2,2
01月17日 09:36,【国新办《介绍2021年国民经济运行情况》新闻发布会】国务院新闻办公室定于2022年1月17日（星期一）上午10时举行新闻发布会，请国家统计局局长宁吉喆介绍2021年国民经济运行情况，并答记者问。,8,1,2
01月16日 16:39,【西安市新冠肺炎疫情防控工作新闻发布会（第58场）】西安市政府新闻办定于2022年1月16日17时，在市政府新闻发布厅召开西安市新冠肺炎疫情防控工作新闻发布会(第58场)。邀请市疫情防控指挥部、卫健委、碑林区、雁塔区等单位负责同志参加，通报我市疫情防控工作情况。敬请关注。,397,17,75
01月24日 14:31,"西安发布<img src=""https://h5.sinaimg.cn/upload/2016/05/26/319/5337.gif"" alt=""V""/>",39,4,11
01月23日 23:00,【延长期限、免收房租、绿色通道……陕西公布系列惠民措施！】1月23日，陕西省新冠肺炎疫情防控工作第四十五场新闻发布会举行，介绍统筹做好疫情防控和经济社会发展有关情况。⬇️,8,1,0
01月23日 17:29,【西安各区解封前24小时内全员核酸检测】,23,6,7
"01月23日 16:58</span></div></div><div class=""s""></div><div class=""c"" id=""M_Lc5JThQwN""><div><span class=""ctt"">【陕西省新冠肺炎疫情防控工作新闻发布会（第45场）】2022年1月23日(星期日)15时举行陕西省新冠肺炎疫情防控工作第四十五场新闻发布会，陕西省卫生健康委、省发展改革委、省工业和信息化厅、省教育厅、省医疗保障局相关负责同志出席，介绍统筹做好疫情防控和经济社会发展有关情况。<a href=""https://weibo.cn/pages/100808topic?extparam=%E5%B0%8F%E5%B8%83%E7%9B%B4%E6%92%AD&amp;from=feed"">#小布直播#</a> http://t.cn/A6J1bete</span>",【陕西出台一季度经济稳增长10条措施】,3,3,5
01月23日 15:13,【陕西省新冠肺炎疫情防控工作新闻发布会（第45场）】2022年1月23日(星期日)15时举行陕西省新冠肺炎疫情防控工作第四十五场新闻发布会，陕西省卫生健康委、省发展改革委、省工业和信息化厅、省教育厅、省医疗保障局相关负责同志出席，介绍统筹做好疫情防控和经济社会发展有关情况。,192,4,38
