1,疫情,133
2,中国,111
3,全球,51
4,抗疫,50
5,国际,50
6,人类,47
7,防控,41
8,国家,35
9,我们,35
10,合作,34
11,新冠,30
12,各国,30
13,支持,29
14,主席,28
15,共同体,26
16,习近平,24
17,表示,24
18,人民,24
19,社会,23
20,员工,23
21,物资,22
22,公共卫生,22
23,肺炎,21
24,共同,21
25,防疫,21
26,病毒,20
27,抗击,19
28,命运,19
29,当地,19
30,重要,18
31,巴西,18
32,电厂,18
33,信息,17
34,组织,17
35,生产,17
36,电站,17
37,提供,16
38,帮助,16
39,经验,16
40,巴厘岛,15
41,铁建,15
42,企业,15
43,美国,15
44,非洲,14
45,加强,14
46,理念,14
47,埃及,14
48,举措,13
49,致辞,13
50,影响,13
51,发展,13
52,疫苗,13
53,构建,13
54,世卫,13
55,开展,13
56,应对,13
57,徐工,13
58,铁路,13
59,建设,12
60,战胜,12
61,健康,12
62,没有,12
63,推进,12
64,一些,12
65,卡西姆,12
66,科学,11
67,世界,11
68,医疗,11
69,工作,11
70,经济,11
71,项目,11
72,中老,11
73,本报,11
74,记者,10
75,问题,10
76,生命,10
77,需要,10
78,努力,9
79,研发,9
80,担当,9
81,建议,9
82,体现,9
83,负责,9
84,携手,9
85,中方,9
86,分享,9
87,救治,9
88,采取,9
89,面对,9
90,守望相助,9
91,集团,9
92,印尼,9
93,项目部,9
94,阿尔及利亚,9
95,大会,8
96,特别,8
97,发展中国家,8
98,斗争,8
99,经济社会,8
100,确保,8
101,建立,8
102,作为,8
103,作出,8
104,时间,8
105,团结合作,8
106,卫生,8
107,提出,8
108,认为,8
109,及时,8
110,坚持,8
111,积极,8
112,巴基斯坦,8
113,留学生,8
114,进行,8
115,公司,8
116,责任,8
117,生活,8
118,同时,8
119,必须,8
120,援助,7
121,恢复,7
122,贡献,7
123,加大,7
124,作用,7
125,专家,7
126,指出,7
127,体系,7
128,一个,7
129,全面,7
130,做好,7
131,老挝,7
132,确诊,7
133,管理,7
134,可以,7
135,宣布,6
136,30,6
137,疾病,6
138,一道,6
139,18,6
140,有力,6
141,全力,6
142,搞好,6
143,发挥,6
144,始终,6
145,这是,6
146,态度,6
147,力量,6
148,防护,6
149,隔离,6
150,检测,6
151,遏制,6
152,蔓延,6
153,意义,6
154,保障,6
155,中心,6
156,设备,6
157,呼吁,6
158,技术,6
159,行动,6
160,有序,6
161,病例,6
162,严格,6
163,措施,6
164,过程,6
165,隧道,6
166,通过,6
167,政客,6
168,歌曲,6
169,世界卫生,5
170,20,5
171,以及,5
172,应急,5
173,医院,5
174,完成,5
175,成员,5
176,困难,5
177,传递,5
178,领导,5
179,国界,5
180,疫病,5
181,种族,5
182,利益,5
183,院长,5
184,生命安全,5
185,透明,5
186,发布,5
187,序列,5
188,大量,5
189,重点,5
190,具有,5
191,参与,5
192,成功,5
193,借鉴,5
194,急需,5
195,专业,5
196,重大,5
197,携起手来,5
198,风雨同舟,5
199,储备,5
200,大家,5
201,供图,5
202,区域,5
203,水电,5
204,十五,5
205,中巴,5
206,需求,5
207,制定,5
208,口罩,5
209,突击队,5
210,装配,5
211,表达,5
212,采购,5
213,感谢,5
214,捐赠,5
215,什么,5
216,情况,5
217,媒体,5
218,纷纷,5
219,只有,5
220,视频会议,4
221,开幕式,4
222,设立,4
223,人道主义,4
224,机制,4
225,加快,4
226,公共,4
227,产品,4
228,实现,4
229,落实,4
230,克服,4
231,当前,4
232,战疫,4
233,关键,4
234,北京,4
235,开始,4
236,举行,4
237,这次,4
238,一系列,4
239,现实,4
240,强调,4
241,治理,4
242,研究所,4
243,本国,4
244,共同利益,4
245,他们,4
246,维护,4
247,攸关,4
248,身体健康,4
249,以来,4
250,相关,4
251,通报,4
252,第一,4
253,病毒基因,4
254,毫无保留,4
255,大国,4
256,人力,4
257,传播,4
258,这场,4
259,最大,4
260,公正,4
261,传染病,4
262,挑战,4
263,突发事件,4
264,一次,4
265,结束,4
266,勇敢,4
267,前行,4
268,展现,4
269,佑护,4
270,先生,4
271,正在,4
272,现在,4
273,多个,4
274,宝贵,4
275,赞赏,4
276,政治,4
277,交付,4
278,目前,4
279,电力,4
280,有限公司,4
281,北非,4
282,施工,4
283,今年,4
284,指导,4
285,现场,4
286,截至,4
287,装载机,4
288,国内,4
289,成立,4
290,顺利,4
291,工程,4
292,推动,4
293,危机,4
294,应当,4
295,论坛,4
296,伊朗,4
297,中国政府,4
298,开罗,4
299,文化,4
300,两年,3
301,亿美元,3
302,用于,3
303,联合国,3
304,仓库,3
305,枢纽,3
306,供应链,3
307,中非,3
308,对口,3
309,助力,3
310,能力,3
311,投入使用,3
312,同二,3
313,十国集团,3
314,暂缓,3
315,贫困,3
316,债务,3
317,偿付,3
318,倡议,3
319,新华社,3
320,关键时刻,3
321,发表,3
322,高度,3
323,五大,3
324,一条,3
325,方向,3
326,武器,3
327,陈须,3
328,深刻,3
329,人间正道,3
330,世界卫生组织,3
331,挽救,3
332,当务之急,3
333,秉持,3
334,事业,3
335,介绍,3
336,本着,3
337,公开,3
338,向世卫,3
339,各方,3
340,尽己,3
341,所能,3
342,这些,3
343,针对,3
344,时期,3
345,一线,3
346,许多,3
347,调配,3
348,追踪,3
349,尽快,3
350,尽力,3
351,有效,3
352,联防,3
353,联控,3
354,运用,3
355,资源,3
356,全国,3
357,投入,3
358,提高,3
359,降低,3
360,得到,3
361,控制,3
362,不足,3
363,地球,3
364,出现,3
365,面临,3
366,一定,3
367,严重,3
368,来势汹汹,3
369,地区,3
370,经过,3
371,稳定,3
372,流感,3
373,取得,3
374,海外,3
375,知识,3
376,学习,3
377,万象,3
378,电建,3
379,期间,3
380,燃煤,3
381,简称,3
382,走廊,3
383,满足,3
384,用电,3
385,月底,3
386,首例,3
387,安排,3
388,所有,3
389,消毒,3
390,实施,3
391,手册,3
392,持续,3
393,消毒液,3
394,能够,3
395,了解,3
396,人员,3
397,自身,3
398,一份,3
399,发生,3
400,13,3
401,文章,3
402,下线,3
403,自己,3
404,见证,3
405,任务,3
406,副总经理,3
407,为了,3
408,还有,3
409,实时,3
410,订购,3
411,仪式,3
412,基础,3
413,工程建设,3
414,之间,3
415,已经,3
416,计划,3
417,测温,3
418,希望,3
419,承担,3
420,这一,3
421,照顾,3
422,莱姆,3
423,呼吸机,3
424,高速公路,3
425,面前,3
426,相互支持,3
427,坚定,3
428,符合,3
429,捷克,3
430,包括,3
431,在内,3
432,音乐,3
433,携手并肩,3
434,歌词,3
435,两个,3
436,友好,3
437,两国,3
438,阿拉伯语,3
439,埃中,3
440,共赢,3
441,甩锅,3
442,美方,3
443,五项,2
444,运输,2
445,清关,2
446,绿色通道,2
447,疾控中心,2
448,总部,2
449,提升,2
450,及性,2
451,担负,2
452,愿同,2
453,压力,2
454,力度,2
455,岳小乔,2
456,日电,2
457,73,2
458,日晚,2
459,题为,2
460,关系,2
461,紧迫,2
462,长远,2
463,六项,2
464,针对性,2
465,指明,2
466,历史,2
467,战略,2
468,所长,2
469,正确,2
470,重视,2
471,全人类,2
472,多次,2
473,提到,2
474,明确,2
475,就是,2
476,筑牢,2
477,防线,2
478,重中之重,2
479,多边,2
480,主义,2
481,王辰,2
482,尽责,2
483,再次,2
484,实际行动,2
485,今后,2
486,高飞,2
487,医学院,2
488,彰显,2
489,以民为本,2
490,至上,2
491,领域,2
492,态势,2
493,阻止,2
494,跨境,2
495,至关重要,2
496,中国共产党,2
497,全方位,2
498,科技,2
499,预防,2
500,程度,2
501,继续,2
502,科学家,2
503,源头,2
504,途径,2
505,科学研究,2
506,之后,2
507,评估,2
508,总结经验,2
509,弥补,2
510,这项,2
511,主导,2
512,客观,2
513,原则,2
514,过去,2
515,尽管,2
516,做到,2
517,精神,2
518,所说,2
519,终将,2
520,来说,2
521,不会,2
522,最后,2
523,第二次世界大战,2
524,六点,2
525,文明史,2
526,一部,2
527,灾难,2
528,斗争史,2
529,人间,2
530,大爱,2
531,汇聚,2
532,起同,2
533,磅礴,2
534,之力,2
535,家园,2
536,总干事,2
537,首先,2
538,突如其来,2
539,70,2
540,巨大,2
541,交流,2
542,第二,2
543,对此,2
544,第三,2
545,应该,2
546,专家组,2
547,医疗队,2
548,暴露,2
549,出来,2
550,完善,2
551,安全,2
552,突发,2
553,事件,2
554,常态,2
555,前提,2
556,复工,2
557,复产,2
558,博拉,2
559,甲型,2
560,H1N1,2
561,中央,2
562,两不误,2
563,23,2
564,集中,2
565,一起,2
566,共建,2
567,一带,2
568,一路,2
569,投资,2
570,所在,2
571,按照,2
572,输入,2
573,迅速,2
574,封闭式,2
575,每日,2
576,测量,2
577,体温,2
578,一名,2
579,发放,2
580,鼓励,2
581,朋友,2
582,基本,2
583,发现,2
584,25,2
585,捐款,2
586,苏西,2
587,决定,2
588,成为,2
589,登记,2
590,超过,2
591,评论,2
592,工程师,2
593,建设者,2
594,奋战,2
595,高度重视,2
596,制造,2
597,保质保量,2
598,明天,2
599,邱祥浩,2
600,留言,2
601,包索市,2
602,主要,2
603,工程机械,2
604,分离,2
605,由巴方,2
606,10,2
607,来自,2
608,环节,2
609,高质量,2
610,穿梭,2
611,装配线,2
612,记录,2
613,告诉,2
614,陆续,2
615,托坎廷,2
616,机械,2
617,城市,2
618,包索,2
619,市政府,2
620,出席,2
621,主任,2
622,充分准备,2
623,此次,2
624,共克,2
625,时艰,2
626,工区,2
627,负责人,2
628,各个,2
629,施工现场,2
630,公里,2
631,承建,2
632,提前,2
633,目标,2
634,沟通,2
635,出入,2
636,细化,2
637,监控,2
638,宣传,2
639,如何,2
640,网络,2
641,办公,2
642,风险,2
643,实行,2
644,早日,2
645,湄公河,2
646,大桥,2
647,贯通,2
648,感染,2
649,结合,2
650,形势,2
651,实际,2
652,印度尼西亚,2
653,降到,2
654,最低,2
655,华电,2
656,科工,2
657,果断,2
658,封闭,2
659,只能,2
660,奉献,2
661,陈拯,2
662,中文,2
663,村民,2
664,民众,2
665,增加,2
666,学校,2
667,阿尔及尔,2
668,安置,2
669,地方,2
670,卫浴,2
671,宿舍,2
672,真心,2
673,100,2
674,近年来,2
675,连接线,2
676,促进,2
677,外国,2
678,政党,2
679,政要,2
680,学者,2
681,进一步,2
682,方式,2
683,诠释,2
684,总书记,2
685,共担,2
686,领导人,2
687,如此,2
688,践行,2
689,积极行动,2
690,委员会,2
691,全球化,2
692,威胁,2
693,方面,2
694,团结互助,2
695,树立,2
696,典范,2
697,秩序,2
698,更加,2
699,总统,2
700,伸出,2
701,援手,2
702,情谊,2
703,英国,2
704,其他,2
705,书记,2
706,塞尔维亚,2
707,扩大,2
708,掩盖,2
709,突尼斯,2
710,信心,2
711,引发,2
712,作者,2
713,中埃,2
714,文明古国,2
715,所有人,2
716,创作,2
717,翻译家,2
718,视频,2
719,首歌,2
720,深厚,2
721,友谊,2
722,社交,2
723,值得,2
724,出行,2
725,扩散,2
726,人们,2
727,政府,2
728,那种,2
729,表演,2
730,更是,2
731,知道,2
732,试图,2
733,别忘了,2
734,共享,2
735,消失,2
736,近日,2
737,美国政府,2
738,武汉,2
739,造成,2
740,因为,2
741,万例,2
742,第七,1
743,十三届,1
744,阐明,1
745,主张,1
746,策划,1
747,设计,1
748,王宇峰,1
749,责任编辑,1
750,团结,1
751,领域专家,1
752,接受,1
753,采访,1
754,备受,1
755,瞩目,1
756,关注,1
757,直面,1
758,指导意义,1
759,围绕,1
760,六条,1
761,兼顾,1
762,考虑,1
763,有机,1
764,统一,1
765,完整,1
766,贯穿,1
767,灵魂,1
768,启示,1
769,呼唤,1
770,研究院,1
771,未来,1
772,历史观,1
773,大局观,1
774,角色,1
775,鲜明,1
776,不应,1
777,而且,1
778,一贯,1
779,外交政策,1
780,一场,1
781,福祉,1
782,繁荣,1
783,中国工程院,1
784,中国医学科学院,1
785,协作,1
786,关乎,1
787,根本利益,1
788,暴发,1
789,国家元首,1
790,这样,1
791,场合,1
792,发出,1
793,正本清源,1
794,郑重宣布,1
795,难点,1
796,深远影响,1
797,外交学院,1
798,上海交通大学,1
799,附属,1
800,上海,1
801,儿童,1
802,医学中心,1
803,赵列宾,1
804,为例,1
805,具备,1
806,强大,1
807,财力物力,1
808,支撑,1
809,高频词,1
810,反映,1
811,启发,1
812,构筑,1
813,严密,1
814,集中统一,1
815,统筹,1
816,综合国力,1
817,群防群治,1
818,攻坚战,1
819,调集,1
820,优秀,1
821,医生,1
822,先进,1
823,全力以赴,1
824,治愈率,1
825,感染率,1
826,病亡,1
827,关心,1
828,热点,1
829,关键问题,1
830,协和,1
831,学院,1
832,刘远立,1
833,基本上,1
834,每年,1
835,间隔期,1
836,越来越,1
837,一种,1
838,烈性,1
839,常备不懈,1
840,建设性,1
841,引领,1
842,正如,1
843,厘清,1
844,脉络,1
845,吸取经验,1
846,教训,1
847,传染性,1
848,杨依军,1
849,明达,1
850,朱超,1
851,田晓航,1
852,王琳琳,1
853,联播,1
854,各位,1
855,代表,1
856,十分,1
857,经历,1
858,波及,1
859,210,1
860,多亿,1
861,人口,1
862,夺走,1
863,余万,1
864,谨向,1
865,不幸,1
866,罹难者,1
867,哀悼,1
868,家属,1
869,表示慰问,1
870,退缩,1
871,艰苦卓绝,1
872,付出,1
873,代价,1
874,扭转,1
875,局势,1
876,我愿,1
877,以下,1
878,有益,1
879,做法,1
880,方法,1
881,临床,1
882,药物,1
883,德塞,1
884,带领,1
885,重大贡献,1
886,处于,1
887,阶段,1
888,资金投入,1
889,调动,1
890,打赢,1
891,阻击战,1
892,薄弱,1
893,已向,1
894,50,1
895,非盟,1
896,专门,1
897,派出,1
898,派往,1
899,亿多人次,1
900,服务,1
901,常驻,1
902,46,1
903,第四,1
904,短板,1
905,响应速度,1
906,第五,1
907,条件,1
908,遵照,1
909,复学,1
910,宏观经济,1
911,政策,1
912,协调,1
913,产业链,1
914,畅通,1
915,第六,1
916,艾滋病,1
917,禽流感,1
918,谢谢,1
919,广播电视,1
920,总台,1
921,央视网,1
922,患难见真情,1
923,中企,1
924,克服困难,1
925,为巴方,1
926,同事,1
927,讲解,1
928,控制室,1
929,值班,1
930,翻译,1
931,15,1
932,省欣合县,1
933,路基,1
934,基床,1
935,表层,1
936,垫层,1
937,丁雪真,1
938,首个,1
939,落地,1
940,大型,1
941,能源,1
942,总装机,1
943,1320,1
944,兆瓦,1
945,年发电量,1
946,400,1
947,万户,1
948,家庭,1
949,电力系统,1
950,信德省,1
951,随后,1
952,外防,1
953,内强,1
954,方针,1
955,一整套,1
956,日起,1
957,下午,1
958,汇报,1
959,食堂,1
960,卫生间,1
961,场所,1
962,杀菌,1
963,处理,1
964,厨师,1
965,司机,1
966,人群,1
967,英语,1
968,乌尔都语,1
969,个人,1
970,电子版,1
971,家人,1
972,提早,1
973,谋划,1
974,全体人员,1
975,共有,1
976,1075,1
977,疑似病例,1
978,巴铁,1
979,共抗,1
980,活动,1
981,发扬,1
982,27,1
983,首名,1
984,巴籍,1
985,未婚夫,1
986,法鲁克,1
987,输煤,1
988,码头,1
989,运维,1
990,业务主管,1
991,两人,1
992,推迟,1
993,原定,1
994,婚礼,1
995,各自,1
996,坚守岗位,1
997,综合,1
998,一员,1
999,测量体温,1
1000,台账,1
1001,编写,1
1002,报表,1
1003,累计,1
1004,发电,1
1005,32.7,1
1006,亿千瓦时,1
1007,民生,1
1008,今日,1
1009,阴云,1
1010,笼罩,1
1011,巴方,1
1012,产业,1
1013,得益于,1
1014,受到,1
1015,伊斯兰堡,1
1016,东君,1
1017,首台,1
1018,测试,1
1019,24,1
1020,队长,1
1021,妻子,1
1022,发了,1
1023,语音,1
1024,兴奋,1
1025,之情,1
1026,位于,1
1027,米纳斯吉拉斯州,1
1028,第一个,1
1029,全资,1
1030,基地,1
1031,建有,1
1032,厂房,1
1033,2014,1
1034,投产,1
1035,生产能力,1
1036,7000,1
1037,经贸合作,1
1038,中旬,1
1039,模式,1
1040,一项,1
1041,原来,1
1042,身上,1
1043,不到,1
1044,一家,1
1045,农业,1
1046,铲装,1
1047,谷物,1
1048,随即,1
1049,动员,1
1050,讲话,1
1051,甘新,1
1052,客户,1
1053,就要,1
1054,作出贡献,1
1055,特殊,1
1056,中有,1
1057,工艺,1
1058,质量,1
1059,物流,1
1060,备件,1
1061,队员,1
1062,各显,1
1063,连夜,1
1064,普及,1
1065,常识,1
1066,作业,1
1067,要点,1
1068,工具,1
1069,注意事项,1
1070,整条,1
1071,答疑,1
1072,解决问题,1
1073,顺畅,1
1074,流动,1
1075,起来,1
1076,老师傅,1
1077,岗位,1
1078,工序,1
1079,保证,1
1080,可追溯,1
1081,天后,1
1082,第一台,1
1083,全部,1
1084,厂商,1
1085,很多,1
1086,工厂,1
1087,停产,1
1088,同行,1
1089,被迫,1
1090,延期,1
1091,没想到,1
1092,不胜感激,1
1093,几乎,1
1094,同一时间,1
1095,州政府,1
1096,200,1
1097,多台,1
1098,这批,1
1099,斯州,1
1100,基础设施,1
1101,住房,1
1102,厅长,1
1103,朱丽,1
1104,安娜,1
1105,帕萨林,1
1106,发来,1
1107,感谢信,1
1108,履行,1
1109,承诺,1
1110,创造,1
1111,收入,1
1112,税收,1
1113,28,1
1114,管理中心,1
1115,汉密尔顿,1
1116,马加,1
1117,良斯说,1
1118,徐州市,1
1119,友好城市,1
1120,拥有,1
1121,非常,1
1122,使命,1
1123,董事长,1
1124,王岩松,1
1125,里约热内卢,1
1126,泰国,1
1127,孙广勇,1
1128,马上,1
1129,过来,1
1130,接电话,1
1131,杨春锋,1
1132,一年,1
1133,时节,1
1134,炎炎,1
1135,烈日,1
1136,徒步,1
1137,工点,1
1138,解决,1
1139,北起,1
1140,边境,1
1141,口岸,1
1142,磨丁,1
1143,首都,1
1144,全长,1
1145,414,1
1146,43.45,1
1147,穿越,1
1148,山区,1
1149,桥梁,1
1150,很大,1
1151,不懈努力,1
1152,旺门村,1
1153,二号,1
1154,庚凯,1
1155,旺村,1
1156,2021,1
1157,年底,1
1158,通车,1
1159,奠定,1
1160,受新冠,1
1161,吃紧,1
1162,结合实际,1
1163,适时,1
1164,调整,1
1165,正常,1
1166,保证质量,1
1167,遇到,1
1168,难题,1
1169,业主,1
1170,当地政府,1
1171,稳步,1
1172,报告,1
1173,立即,1
1174,管理制度,1
1175,领导小组,1
1176,明确责任,1
1177,分区,1
1178,分片,1
1179,防护服,1
1180,面等,1
1181,有备无患,1
1182,充分利用,1
1183,信息化,1
1184,软件,1
1185,接触,1
1186,动态,1
1187,二维码,1
1188,打卡,1
1189,威莱说,1
1190,每天,1
1191,充足,1
1192,建成,1
1193,火车,1
1194,工地,1
1195,严防,1
1196,进度,1
1197,班纳汉,1
1198,合龙,1
1199,40,1
1200,四管,1
1201,通信,1
1202,铁塔,1
1203,组立,1
1204,22,1
1205,相嫩,1
1206,四号,1
1207,琅勃拉邦,1
1208,架设,1
1209,顺利完成,1
1210,29,1
1211,空琅村,1
1212,援老,1
1213,调研,1
1214,参建,1
1215,全线,1
1216,曼谷,1
1217,西北,1
1218,海岸线,1
1219,运营,1
1220,测体温,1
1221,融入,1
1222,日常,1
1223,场景,1
1224,预案,1
1225,工作组,1
1226,召开,1
1227,座谈会,1
1228,暂停,1
1229,值守,1
1230,回国,1
1231,休假,1
1232,高效,1
1233,赛跑,1
1234,对抗,1
1235,置于,1
1236,首位,1
1237,医疗机构,1
1238,专项,1
1239,容纳,1
1240,上百人,1
1241,临时,1
1242,避免,1
1243,内部,1
1244,车间,1
1245,班组,1
1246,三级,1
1247,网格化,1
1248,对厂,1
1249,单位,1
1250,待命,1
1251,远程,1
1252,全岛,1
1253,近半,1
1254,负荷,1
1255,骨干,1
1256,严重困难,1
1257,供应,1
1258,更好,1
1259,在此期间,1
1260,坚守,1
1261,默默,1
1262,机组,1
1263,平稳,1
1264,运行,1
1265,相信,1
1266,只要,1
1267,同舟共济,1
1268,编制,1
1269,双语,1
1270,周边,1
1271,科学认识,1
1272,意识,1
1273,充分肯定,1
1274,赞不绝口,1
1275,不少,1
1276,效仿,1
1277,迄今为止,1
1278,一例,1
1279,患者,1
1280,严峻,1
1281,自发,1
1282,一次性,1
1283,医用,1
1284,外科,1
1285,手套,1
1286,湖北,1
1287,匮乏,1
1288,雅加达,1
1289,如期,1
1290,停课,1
1291,大使馆,1
1292,车队,1
1293,前往,1
1294,大学,1
1295,14,1
1296,驻地,1
1297,王京,1
1298,没当过,1
1299,老师,1
1300,难免,1
1301,考虑不周,1
1302,来到,1
1303,就算,1
1304,到家,1
1305,另外,1
1306,西部,1
1307,省份,1
1308,就读,1
1309,由于,1
1310,省际,1
1311,交通,1
1312,大多,1
1313,中断,1
1314,学生,1
1315,营地,1
1316,方便,1
1317,特意,1
1318,整理,1
1319,腾换,1
1320,冰箱,1
1321,洗衣机,1
1322,设施,1
1323,完备,1
1324,单间,1
1325,房间,1
1326,内外,1
1327,清扫,1
1328,房间内,1
1329,摆放,1
1330,必需,1
1331,用品,1
1332,轮流,1
1333,出去,1
1334,买菜,1
1335,随便,1
1336,做点,1
1337,入住,1
1338,大家庭,1
1339,不用,1
1340,担心,1
1341,尝到了,1
1342,久违,1
1343,味道,1
1344,独立,1
1345,亲人,1
1346,般的,1
1347,胡雅妮,1
1348,随着,1
1349,变化,1
1350,联系,1
1351,卫生部门,1
1352,愿意,1
1353,力所能及,1
1354,事情,1
1355,当时,1
1356,阿方,1
1357,铁建为,1
1358,筹集,1
1359,驻华大使,1
1360,哈桑,1
1361,哈利法,1
1362,当天,1
1363,快速反应,1
1364,不仅,1
1365,该国,1
1366,世纪,1
1367,东西,1
1368,先后,1
1369,贝佳亚,1
1370,大学城,1
1371,总统府,1
1372,公寓,1
1373,众多,1
1374,工程项目,1
1375,崇安,1
1376,扎根,1
1377,多年,1
1378,认识,1
1379,唯有,1
1380,并肩作战,1
1381,方能,1
1382,加强团结,1
1383,重大意义,1
1384,一段时间,1
1385,智库,1
1386,不同,1
1387,中共中央对外联络部,1
1388,坦桑尼亚,1
1389,革命党,1
1390,巴希鲁,1
1391,置身事外,1
1392,出发,1
1393,相互,1
1394,关怀,1
1395,内涵,1
1396,要义,1
1397,印度,1
1398,国大党,1
1399,胡尔,1
1400,甘地,1
1401,规模,1
1402,印方,1
1403,中所作,1
1404,日本,1
1405,前首相,1
1406,鸠山由纪夫,1
1407,之际,1
1408,俄罗斯国家杜马,1
1409,国际事务,1
1410,俄罗斯,1
1411,党中央,1
1412,主席团,1
1413,切帕,1
1414,证明,1
1415,前瞻性,1
1416,哪个,1
1417,独善其身,1
1418,敌人,1
1419,齐心协力,1
1420,法国,1
1421,中欧,1
1422,创始人,1
1423,大伟,1
1424,充分体现,1
1425,时代,1
1426,团结一致,1
1427,有望,1
1428,研究,1
1429,高级,1
1430,副总裁,1
1431,莫里森,1
1432,中东,1
1433,呼吸,1
1434,综合征,1
1435,接连,1
1436,说明,1
1437,长期,1
1438,层面,1
1439,持久,1
1440,新加坡国立大学,1
1441,教授,1
1442,永年,1
1443,真正,1
1444,柬埔寨,1
1445,人民党,1
1446,中央委员,1
1447,外委会,1
1448,索斯,1
1449,亚拉,1
1450,合理,1
1451,加福里法,1
1452,尔德,1
1453,时候,1
1454,永远,1
1455,铭记,1
1456,这份,1
1457,雪中送炭,1
1458,真挚,1
1459,社会科学院,1
1460,院士,1
1461,阿尔布劳,1
1462,重要性,1
1463,深入,1
1464,理解,1
1465,津巴布韦非洲民族联盟,1
1466,爱国阵线,1
1467,奇温加,1
1468,津巴布韦,1
1469,积极开展,1
1470,前进,1
1471,里奇,1
1472,互帮互助,1
1473,美好,1
1474,坦诚,1
1475,摩拉维亚,1
1476,共产党,1
1477,众议院,1
1478,副议长,1
1479,沃伊捷赫,1
1480,菲利普,1
1481,势力,1
1482,歪曲事实,1
1483,公众,1
1484,煽动,1
1485,猜疑,1
1486,仇恨,1
1487,情绪,1
1488,企图,1
1489,整个,1
1490,狭隘,1
1491,目的,1
1492,这种,1
1493,行为,1
1494,受到谴责,1
1495,法国共产党,1
1496,鲁塞尔,1
1497,西方,1
1498,污名,1
1499,实质,1
1500,运动,1
1501,穆赫辛,1
1502,马尔祖克,1
1503,政治化,1
1504,不利于,1
1505,因素,1
1506,而言,1
1507,英国皇家,1
1508,吉姆,1
1509,奥尼尔,1
1510,理性,1
1511,看待,1
1512,澳大利亚,1
1513,罗伊,1
1514,研究员,1
1515,勒马,1
1516,考验,1
1517,凝聚力,1
1518,失灵,1
1519,带来,1
1520,更大,1
1521,反应,1
1522,并存,1
1523,如果,1
1524,处理不当,1
1525,极大,1
1526,相知,1
1527,远近,1
1528,万里,1
1529,尚为,1
1530,中埃好,1
1531,兄弟,1
1532,彩虹,1
1533,最近,1
1534,一首,1
1535,赞扬,1
1536,热烈,1
1537,反响,1
1538,消息,1
1539,晚报,1
1540,宪章,1
1541,金字塔,1
1542,网站,1
1543,数十家,1
1544,刊发,1
1545,广泛,1
1546,共鸣,1
1547,这首,1
1548,名为,1
1549,推出,1
1550,石岳文,1
1551,交往,1
1552,历史悠久,1
1553,彼此间,1
1554,令人感动,1
1555,遗产地,1
1556,灯光,1
1557,形式,1
1558,点亮,1
1559,以此,1
1560,埃及政府,1
1561,五星红旗,1
1562,图案,1
1563,古老,1
1564,萨拉丁,1
1565,城堡,1
1566,亮起,1
1567,那一刻,1
1568,感动不已,1
1569,激发,1
1570,首歌曲,1
1571,灵感,1
1572,作曲家,1
1573,剪辑,1
1574,歌手,1
1575,已有,1
1576,中文歌词,1
1577,接力,1
1578,制作,1
1579,版本,1
1580,鼓舞士气,1
1581,两国人民,1
1582,感受,1
1583,发自内心,1
1584,艾哈迈德,1
1585,赛义德,1
1586,仔细,1
1587,推敲,1
1588,翻译成,1
1589,高呼,1
1590,加油,1
1591,巨大贡献,1
1592,一样,1
1593,中国大使馆,1
1594,参赞,1
1595,乌麦麦,1
1596,称赞,1
1597,唱出,1
1598,诗人,1
1599,阿比,1
1600,玛尔达维,1
1601,风雨,1
1602,一笔,1
1603,财富,1
1604,人伊哈布,1
1605,哈米德,1
1606,作曲,1
1607,成果,1
1608,点赞,1
1609,心连心,1
1610,万岁,1
1611,网友,1
1612,真诚,1
1613,祝愿,1
1614,议会,1
1615,议员,1
1616,马苏德,1
1617,密切合作,1
1618,感到,1
1619,自豪,1
1620,显著,1
1621,成效,1
1622,范围,1
1623,积累,1
1624,丰富,1
1625,响应号召,1
1626,居家,1
1627,手机,1
1628,应用软件,1
1629,身边,1
1630,类似,1
1631,事实证明,1
1632,依据,1
1633,流行病学,1
1634,调查,1
1635,医护人员,1
1636,社区,1
1637,工作人员,1
1638,来之不易,1
1639,流行,1
1640,团结起来,1
1641,每个,1
1642,重振,1
1643,令人鼓舞,1
1644,抵达,1
1645,意大利,1
1646,数十个,1
1647,激增,1
1648,局面,1
1649,寻求,1
1650,创新,1
1651,例如,1
1652,解决方案,1
1653,制造业,1
1654,跨界,1
1655,必要,1
1656,防护用品,1
1657,无人机,1
1658,展望未来,1
1659,采取措施,1
1660,坚决,1
1661,那些,1
1662,适应,1
1663,保持,1
1664,距离,1
1665,养成,1
1666,良好,1
1667,习惯,1
1668,启动,1
1669,平台,1
1670,召集,1
1671,减轻,1
1672,宗教,1
1673,不分,1
1674,国籍,1
1675,对立面,1
1676,执行,1
1677,董事,1
1678,大中华区,1
1679,首席代表,1
1680,输赢,1
1681,钟声,1
1682,口中,1
1683,真相,1
1684,放在,1
1685,往往,1
1686,惊人,1
1687,错位,1
1688,自吹,1
1689,夹杂,1
1690,遮掩,1
1691,总是,1
1692,自相矛盾,1
1693,荒诞无稽,1
1694,闹剧,1
1695,匪夷所思,1
1696,日前,1
1697,语出惊人,1
1698,11,1
1699,大部分,1
1700,莫非,1
1701,及其,1
1702,危害,1
1703,早有,1
1704,警觉,1
1705,直到,1
1706,日才,1
1707,进入,1
1708,紧急状态,1
1709,首株,1
1710,毒株,1
1711,12,1
1712,日向,1
1713,提交,1
1714,基因组,1
1715,数据库,1
1716,网上,1
1717,几个,1
1718,小时,1
1719,显然,1
1720,基于,1
1721,公布,1
1722,研究成果,1
1723,那么,1
1724,近来,1
1725,不断,1
1726,指责,1
1727,从何,1
1728,谈起,1
1729,事实,1
1730,日到,1
1731,多达,1
1732,公平,1
1733,贻笑,1
1734,世人,1
1735,尝鼎一脔,1
1736,窥豹一斑,1
1737,露马脚,1
1738,正是,1
1739,乱象,1
1740,缩影,1
1741,声称,1
1742,自然,1
1743,拒绝,1
1744,专业人士,1
1745,重启,1
1746,恰如,1
1747,华盛顿邮报,1
1748,发表文章,1
1749,策略,1
1750,一直,1
1751,否认,1
1752,歪曲,1
1753,转嫁,1
1754,阻挠,1
1755,所思,1
1756,所言,1
1757,着实,1
1758,经不起,1
1759,实践,1
1760,检验,1
1761,卫生部,1
1762,里克,1
1763,布莱特,1
1764,国会,1
1765,作证,1
1766,浪费,1
1767,珍视,1
1768,主流,1
1769,质疑,1
1770,当今世界,1
1771,头号,1
1772,强国,1
1773,为何,1
1774,力有,1
1775,答案,1
1776,清楚,1
1777,力气,1
1778,用错,1
1779,更有甚者,1
1780,竟然,1
1781,意外,1
1782,泄漏,1
1783,导致,1
1784,损失,1
1785,赔款,1
1786,等等,1
1787,谎言,1
1788,船开,1
1789,不远,1
1790,不了,1
1791,挽救不了,1
1792,绝不能,1
1793,脱离,1
1794,选择,1
1795,臆断,1
1796,逆动,1
1797,140,1
1798,死亡,1
1799,柳叶刀,1
1800,杂志,1
1801,痴迷,1
1802,神奇,1
1803,子弹,1
1804,新药,1
1805,或者,1
1806,寄希望于,1
1807,凭空,1
1808,依靠,1
1809,准则,1
1810,才能,1
1811,紧急状况,1
1812,奉劝,1
1813,不要,1
1814,枉费心机,1
1815,编造谎言,1
1816,停止,1
1817,谋取,1
1818,私利,1
1819,自我,1
1820,粉饰,1
1821,对外,1
1822,实实在在,1
1823,认认真真,1
1824,系列,1
1825,英雄,1
1826,新传,1
1827,方舱,1
