,Unnamed: 0,word,count,情感分值
12,12,喜欢,6879,0.9611
20,20,推荐,5588,0.9316
26,26,不错,5371,0.9475
50,50,好吃,3657,0.9401
68,68,生活,3147,0.9288
82,82,享受,2799,0.9452
88,88,新鲜,2717,0.9189
106,106,日落,2422,0.9551
110,110,海风,2392,0.9095
114,114,鹿回头,2340,0.9711
134,134,自由,2047,0.9351
135,135,美丽,2044,0.9716
136,136,天堂,2039,0.9354
161,161,终于,1815,0.9167
164,164,值得,1788,0.9534
172,172,美好,1719,0.9504
176,176,好看,1691,0.9803
177,177,美味,1687,0.9488
183,183,浪漫,1652,0.9371
193,193,舒服,1545,0.957
195,195,开心,1522,0.9569
200,200,最美,1511,0.9822
216,216,海浪,1462,0.9735
225,225,错过,1426,0.9856
258,258,灯塔,1297,0.9292
267,267,拥有,1273,0.9142
273,273,惬意,1256,0.9655
286,286,喜来登,1194,0.924
290,290,舒适,1190,0.9504
318,318,大片,1098,0.9148
328,328,山顶,1072,0.9475
338,338,珊瑚,1059,0.9025
358,358,安静,1025,0.9311
382,382,椰树,992,0.9122
385,385,漂亮,986,0.9658
392,392,期待,973,0.934
399,399,可爱,964,0.9784
400,400,惊喜,964,0.9785
421,421,兴隆,922,0.9477
435,435,清新,902,0.9436
437,437,正好,900,0.9198
454,454,最佳,870,0.9483
467,467,刺激,845,0.9167
468,468,快乐,842,0.9598
483,483,温暖,823,0.9774
492,492,美的,810,0.9657
496,496,哈哈哈,806,0.9536
497,497,火山,806,0.92
506,506,人生,790,0.9669
511,511,温馨,783,0.9596
517,517,划算,778,0.9418
548,548,放松,735,0.9395
551,551,细腻,732,0.9632
552,552,浮潜,732,0.9033
568,568,鲜嫩,712,0.9123
584,584,好玩,698,0.9329
589,589,幸福,696,0.9721
596,596,精致,692,0.9439
597,597,漫步,689,0.9317
610,610,正宗,680,0.9221
620,620,鲜美,674,0.9287
641,641,很快,653,0.9302
657,657,依旧,641,0.9071
658,658,贴心,639,0.9611
681,681,优质,623,0.9325
694,694,美美,610,0.9707
706,706,分享,601,0.9072
730,730,入味,577,0.9214
731,731,轻松,576,0.9632
745,745,实惠,564,0.902
751,751,经典,562,0.9788
763,763,足够,554,0.9419
776,776,身体,545,0.9313
780,780,爱情,542,0.9385
808,808,感谢,519,0.9569
811,811,向往,518,0.9605
814,814,闺蜜,517,0.9113
815,815,还会,517,0.9149
821,821,收获,515,0.9003
834,834,温柔,509,0.901
839,839,浪花,507,0.9277
844,844,齐全,501,0.9045
847,847,省心,501,0.9729
853,853,很棒,498,0.9928
866,866,鸟巢,493,0.9309
877,877,魅力,488,0.9604
898,898,十足,479,0.9414
914,914,非常适合,473,0.9646
917,917,地道,471,0.9294
918,918,婚纱照,470,0.9095
922,922,放心,469,0.9647
933,933,哥哥,463,0.9709
938,938,惊艳,461,0.9753
939,939,梦想,461,0.9754
946,946,好喝,458,0.9012
955,955,兴奋,450,0.937
958,958,顺利,450,0.9543
973,973,人文,443,0.9228
982,982,欢乐,438,0.9235
1012,1012,清爽,426,0.9206
1018,1018,嘻嘻,422,0.9605
1029,1029,时尚,417,0.9423
1035,1035,未来,415,0.9089
1036,1036,精彩,414,0.9332
1040,1040,十年,413,0.9111
1047,1047,宁静,409,0.9354
1087,1087,午后,394,0.9708
1099,1099,满意,390,0.9638
1124,1124,面朝,383,0.9097
1142,1142,奢华,377,0.9541
1149,1149,宽敞,375,0.9588
1158,1158,五星,373,0.9895
1167,1167,颜值,371,0.9583
1178,1178,首选,367,0.9671
1179,1179,开阔,367,0.9081
1182,1182,黄昏,367,0.9283
1185,1185,体力,364,0.9443
1194,1194,尽头,362,0.9551
1205,1205,长大,359,0.9362
1207,1207,过瘾,358,0.9441
1208,1208,清香,358,0.9254
1215,1215,迷人,356,0.9846
1224,1224,生长,354,0.9336
1227,1227,震撼,353,0.9884
1230,1230,阴天,352,0.929
1244,1244,源于,349,0.9343
1250,1250,兰花,347,0.9306
1263,1263,便利,344,0.9086
1270,1270,饱满,343,0.9535
1274,1274,世界级,341,0.9359
1286,1286,醒来,338,0.9295
1299,1299,居住,335,0.9223
1302,1302,香甜,334,0.962
1314,1314,绿植,332,0.9006
1323,1323,丰盛,329,0.9246
1339,1339,外观,325,0.9458
1347,1347,必备,323,0.9327
1361,1361,优雅,321,0.9644
1371,1371,萌哒,320,0.9963
1387,1387,愉快,315,0.936
1389,1389,摆渡,315,0.9357
1403,1403,绝佳,313,0.9468
1408,1408,符合,312,0.9199
1424,1424,喜爱,308,0.9679
1428,1428,深刻,307,0.9365
1447,1447,正确,303,0.9338
1451,1451,激动,303,0.9878
1471,1471,肥美,298,0.9384
1475,1475,好评,297,0.9495
1479,1479,陪伴,296,0.9794
1492,1492,哈哈哈哈,294,0.9807
1500,1500,特有,292,0.9014
1505,1505,茂密,292,0.927
1513,1513,柔软,291,0.9399
1517,1517,烦恼,291,0.9004
1520,1520,精华,290,0.9144
1532,1532,灵魂,287,0.9328
1538,1538,火爆,287,0.9182
1553,1553,简约,284,0.9065
1568,1568,很漂亮,282,0.9851
1576,1576,愉悦,281,0.9614
1588,1588,徒步,279,0.9003
1607,1607,支持,275,0.9827
1625,1625,小院,273,0.9044
1635,1635,唯美,271,0.9577
1641,1641,酥脆,270,0.932
1643,1643,强烈推荐,270,0.9613
1648,1648,园林,269,0.9387
1663,1663,大气,267,0.9407
1664,1664,亮点,267,0.9395
1666,1666,合影,267,0.9028
1677,1677,海钓,265,0.9082
1688,1688,充足,264,0.9033
1690,1690,到位,264,0.9303
1724,1724,优美,259,0.948
1726,1726,爱上,259,0.9905
1728,1728,原汁原味,258,0.9238
1738,1738,精品,257,0.9283
1761,1761,青春,253,0.9597
1769,1769,幸运,252,0.9689
1771,1771,尽收眼底,252,0.9057
1775,1775,治愈,252,0.9581
1777,1777,热爱,251,0.9359
1778,1778,舞台,251,0.9136
1782,1782,全新,251,0.9299
1791,1791,一遍,250,0.9363
1826,1826,那一刻,243,0.9276
1838,1838,热带植物,241,0.9499
1856,1856,微风,238,0.9045
1868,1868,整洁,237,0.92
1879,1879,极好,236,0.9807
1920,1920,开放式,230,0.9147
1937,1937,必吃,227,0.9586
1956,1956,美妙,225,0.9901
1957,1957,平静,225,0.9231
1968,1968,应有尽有,224,0.9418
2001,2001,脚步,221,0.9164
2005,2005,书屋,220,0.905
2018,2018,度假胜地,219,0.9416
2032,2032,停不下来,217,0.9788
2038,2038,岁月,217,0.9185
2054,2054,最爱,215,0.9883
2065,2065,祖国,213,0.9416
2068,2068,动感,213,0.9497
2070,2070,鲜花,213,0.9572
2103,2103,无需,208,0.9303
2105,2105,奔跑,208,0.9403
2136,2136,充裕,204,0.9059
2141,2141,感动,204,0.9952
2152,2152,想念,203,0.9593
2171,2171,目标,201,0.9081
2189,2189,迫不及待,199,0.9422
2202,2202,羡慕,197,0.9888
2210,2210,摇曳,196,0.9067
2224,2224,太美,195,0.9044
2237,2237,柔和,194,0.9154
2240,2240,成长,194,0.9155
2246,2246,辛苦,193,0.9081
2254,2254,阳光明媚,193,0.9606
2262,2262,深度,193,0.9091
2267,2267,美照,192,0.9681
2295,2295,心灵,190,0.9328
2298,2298,置身,190,0.9174
2308,2308,清晰,189,0.9393
2338,2338,加油,187,0.9596
2347,2347,宽阔,186,0.9235
2355,2355,适宜,186,0.9441
2367,2367,好去处,185,0.955
2384,2384,智慧,184,0.9726
2391,2391,偶遇,183,0.947
2402,2402,超高,182,0.9215
2434,2434,优点,180,0.9942
2448,2448,拥抱,179,0.9374
2461,2461,动人,178,0.9598
2465,2465,一流,178,0.9776
2469,2469,极具,177,0.9324
2472,2472,一应俱全,177,0.9622
2479,2479,映入眼帘,177,0.9392
2495,2495,归来,176,0.9401
2510,2510,欧舒丹,175,0.9226
2540,2540,外形,172,0.9475
2547,2547,回味无穷,171,0.9774
2559,2559,异地,170,0.9142
2569,2569,风土人情,169,0.9281
2579,2579,忙碌,168,0.9299
2583,2583,适中,168,0.9492
2585,2585,烤乳猪,168,0.9544
2595,2595,金黄,167,0.9032
2601,2601,氧吧,166,0.9433
2609,2609,优秀,165,0.9726
2668,2668,放飞,161,0.9071
2691,2691,不二,159,0.9136
2703,2703,楼主,159,0.9123
2710,2710,整齐,158,0.9178
2711,2711,心动,158,0.9767
2753,2753,童话,155,0.9358
2767,2767,别致,154,0.9236
2789,2789,邂逅,153,0.9622
2859,2859,极高,149,0.9436
2865,2865,渡轮,149,0.9018
2903,2903,始于,147,0.9243
2943,2943,便捷,144,0.9193
2949,2949,光影,144,0.9155
2951,2951,纯净,144,0.9642
2952,2952,愿望,144,0.9736
2955,2955,静静的,144,0.9272
2967,2967,人性化,143,0.9332
2983,2983,必去,142,0.9796
2990,2990,压力,142,0.9001
2992,2992,合照,142,0.9
3001,3001,爽滑,141,0.9281
3021,3021,独栋,140,0.9007
3047,3047,民国,139,0.9115
3049,3049,美不胜收,139,0.9449
3065,3065,力量,138,0.9518
3078,3078,落日余晖,137,0.927
3080,3080,顶级,137,0.9639
3110,3110,周到,136,0.9149
3121,3121,流连忘返,135,0.9536
3141,3141,华丽,134,0.9084
3149,3149,精灵,134,0.9793
3184,3184,最合适,133,0.9233
3196,3196,蜜月,132,0.9102
3200,3200,满分,132,0.9944
3244,3244,念念不忘,130,0.9703
3249,3249,很赞,129,0.9929
3284,3284,发达,128,0.9094
3298,3298,实用,128,0.9568
3299,3299,情怀,128,0.9161
3317,3317,爆棚,127,0.9779
3327,3327,很嫩,127,0.9147
3329,3329,日落时分,126,0.9274
3333,3333,礼物,126,0.9179
3334,3334,大快朵颐,126,0.9324
3337,3337,挺不错,126,0.9631
3368,3368,一幕,125,0.9149
3378,3378,醇厚,124,0.9693
3386,3386,明媚,124,0.9011
3398,3398,恰到好处,123,0.9584
3417,3417,欢快,123,0.9207
3419,3419,亲切,123,0.9447
3424,3424,尽兴,122,0.9511
3441,3441,安逸,122,0.9437
3442,3442,超好,122,0.9808
3454,3454,帅哥,121,0.9357
3464,3464,默默,121,0.918
3475,3475,点赞,121,0.9975
3533,3533,光芒,118,0.9672
3540,3540,船长,118,0.906
3578,3578,过山车,117,0.9602
3581,3581,初心,117,0.9698
3583,3583,心而生,117,0.9792
3591,3591,超棒,116,0.9956
3606,3606,奢侈,116,0.9644
3613,3613,人间天堂,115,0.9737
3617,3617,超赞,115,0.9907
3626,3626,热心,115,0.9204
3627,3627,深受,115,0.9383
3649,3649,少年,114,0.9394
3669,3669,纯正,113,0.9255
3700,3700,心底,113,0.9089
3701,3701,融为一体,113,0.9113
3735,3735,甜蜜,111,0.9141
3754,3754,质感,110,0.9339
3786,3786,眼花缭乱,109,0.925
3797,3797,别样,109,0.9039
3808,3808,革命,108,0.9047
3810,3810,订票,108,0.9246
3811,3811,细心,108,0.9148
3817,3817,妥妥,108,0.9458
3849,3849,绵长,108,0.9278
3860,3860,独一无二,107,0.985
3878,3878,巧妙,106,0.9468
3884,3884,静静,106,0.9429
3907,3907,鸡萌,106,0.9571
3909,3909,不舍,106,0.9524
3926,3926,暖暖的,105,0.9328
3948,3948,舒心,104,0.9131
3950,3950,专注,104,0.9426
3951,3951,舍不得,104,0.9156
3952,3952,床品,104,0.9122
3956,3956,稳定,104,0.9425
3963,3963,仙境,104,0.9513
3966,3966,南宋,104,0.9132
3969,3969,童话世界,104,0.9622
3976,3976,品牌优势,104,0.931
3994,3994,上线,103,0.9293
4003,4003,优越,103,0.9166
4010,4010,厚重,102,0.9076
4017,4017,一站式,102,0.9704
4026,4026,跟随,102,0.9552
4036,4036,nice,102,0.9537
4041,4041,辽阔,102,0.9049
4048,4048,超值,101,0.9798
4062,4062,气派,101,0.9445
4069,4069,值得一提的是,101,0.9121
4096,4096,祝福,100,0.9842
4099,4099,相遇,100,0.9503
4100,4100,孤独,100,0.9776
4113,4113,实景,99,0.9058
4119,4119,暖心,99,0.9702
4124,4124,太好,99,0.917
4132,4132,背影,99,0.9129
4151,4151,生活气息,98,0.9245
4161,4161,超美,98,0.9643
4175,4175,畅快,98,0.9047
4210,4210,谢谢,97,0.9327
4217,4217,绚烂,97,0.9509
4223,4223,味道鲜美,96,0.9358
4228,4228,很美,96,0.9884
4230,4230,不虚此行,96,0.9186
4232,4232,平稳,96,0.9742
4267,4267,海参,95,0.9183
4268,4268,世外桃源,95,0.974
4271,4271,灵活,95,0.9305
4273,4273,太棒了,95,0.9459
4304,4304,空气清新,94,0.91
4306,4306,消食,94,0.9534
4308,4308,与众不同,94,0.9668
4332,4332,清代,94,0.9108
4336,4336,旅游胜地,93,0.9031
4351,4351,特制,93,0.9218
4359,4359,长裤,93,0.9155
4373,4373,乘风破浪,92,0.9595
4379,4379,传奇,92,0.9461
4380,4380,好找,92,0.9061
4383,4383,超爱,92,0.9928
4399,4399,简洁,91,0.933
4435,4435,纯天然,90,0.9177
4437,4437,78,90,0.9497
4440,4440,挺好吃,90,0.9672
4452,4452,第一眼,90,0.9413
4474,4474,有幸,90,0.9041
4476,4476,开开心心,90,0.9539
4489,4489,欲罢不能,89,0.9875
4491,4491,独有,89,0.9785
4494,4494,太好了,89,0.9818
4500,4500,八大,89,0.9576
4502,4502,小可爱,89,0.9784
4538,4538,象拔蚌,88,0.9133
4550,4550,相伴,88,0.9298
4551,4551,绝配,88,0.9897
4568,4568,棒棒,88,0.9781
4574,4574,喷发,88,0.914
4583,4583,色香味,87,0.9495
4586,4586,一览无余,87,0.9058
4588,4588,信赖,87,0.9119
4595,4595,气质,87,0.93
4596,4596,贵妃,87,0.955
4624,4624,爱情故事,86,0.943
4633,4633,惊险,86,0.9003
4647,4647,环境优美,86,0.9051
4654,4654,征服,86,0.9787
4664,4664,雅致,85,0.9218
4666,4666,绿意盎然,85,0.9044
4673,4673,2017,85,0.9525
4674,4674,奢侈品,85,0.9506
4682,4682,延续,85,0.901
4713,4713,灵动,84,0.9221
4732,4732,给力,84,0.9327
4742,4742,梦境,84,0.9703
4743,4743,一景,84,0.9079
4766,4766,真诚,83,0.9359
4767,4767,朴实,83,0.9271
4770,4770,迷路,83,0.9548
4781,4781,很足,83,0.9497
4784,4784,变幻,83,0.9764
4787,4787,一口气,83,0.9379
4794,4794,眼神,83,0.9354
4807,4807,帅气,82,0.9887
4838,4838,集美,82,0.9827
4847,4847,梯田,82,0.9324
4858,4858,络绎不绝,81,0.9501
4867,4867,美观,81,0.9268
4883,4883,宫崎骏,81,0.978
4886,4886,很爽,81,0.987
4914,4914,狂欢,80,0.9102
4941,4941,营养价值,79,0.9312
4966,4966,宽敞明亮,79,0.9552
5003,5003,饕餮,78,0.9494
5030,5030,靓丽,78,0.9473
5078,5078,意犹未尽,77,0.9952
5088,5088,炙热,77,0.9235
5097,5097,之美,76,0.9655
5104,5104,公道,76,0.9383
5116,5116,幽静,76,0.9275
5117,5117,层层,76,0.9065
5136,5136,古韵,76,0.9353
5146,5146,园林景观,75,0.9269
5163,5163,安全感,75,0.9143
5164,5164,赞不绝口,75,0.9933
5227,5227,缘分,74,0.9733
5283,5283,自信,73,0.9259
5289,5289,认证,73,0.9123
5298,5298,舒畅,73,0.9477
5305,5305,圆满,72,0.9682
5319,5319,真不错,72,0.9839
5348,5348,晚安,72,0.9862
5395,5395,美得,71,0.9443
5399,5399,立体,71,0.9011
5404,5404,展厅,71,0.9274
5415,5415,轻柔,71,0.9501
5423,5423,越野车,71,0.9383
5433,5433,秋天,70,0.9121
5463,5463,友谊,70,0.9415
5516,5516,认可,69,0.9105
5518,5518,歌声,69,0.9085
5520,5520,尽显,69,0.9122
5528,5528,定居,69,0.9437
5534,5534,好大,69,0.9085
5539,5539,错落有致,69,0.9227
5544,5544,火热,69,0.9078
5566,5566,心暖,69,0.9927
5569,5569,风景如画,68,0.961
5586,5586,媲美,68,0.9259
5594,5594,很强,68,0.933
5634,5634,静好,67,0.983
5657,5657,重头戏,67,0.9318
5658,5658,物美价廉,67,0.9539
5678,5678,最快,67,0.9541
5679,5679,很香,67,0.9608
5704,5704,定好,66,0.9109
5705,5705,那段,66,0.9234
5707,5707,眼前一亮,66,0.9715
5710,5710,具备,66,0.9478
5716,5716,均匀,66,0.9636
5718,5718,久违,66,0.9132
5724,5724,萌萌,66,0.9299
5749,5749,付出,66,0.9239
5762,5762,强大,65,0.9526
5767,5767,微醺,65,0.9215
5773,5773,停好,65,0.9179
5774,5774,养眼,65,0.9023
5780,5780,热带海洋,65,0.9123
5800,5800,离不开,65,0.9278
5827,5827,赏心悦目,65,0.9377
5838,5838,故居,65,0.9175
5869,5869,极佳,64,0.9877
5871,5871,滑板,64,0.9085
5872,5872,名不虚传,64,0.9829
5873,5873,实力,64,0.9409
5916,5916,层次感,63,0.907
5925,5925,舍得,63,0.9086
5950,5950,执着,63,0.975
5977,5977,落水,63,0.9089
6010,6010,上瘾,62,0.9403
6015,6015,感情,62,0.9123
6074,6074,利器,61,0.9487
6078,6078,和煦,61,0.9022
6088,6088,相爱,61,0.916
6090,6090,欢笑,61,0.9484
6095,6095,各具特色,61,0.949
6103,6103,气球,61,0.9134
6146,6146,茶暖心,61,0.9571
6159,6159,活泼,60,0.9699
6220,6220,感悟,60,0.9378
6237,6237,一对一,59,0.9032
6245,6245,转眼,59,0.9213
6260,6260,干干净净,59,0.9341
6284,6284,旖旎,59,0.9004
6294,6294,旅行者,59,0.9288
6347,6347,山林,58,0.9401
6350,6350,洒脱,58,0.946
6363,6363,极力推荐,58,0.9686
6365,6365,感恩,58,0.9251
6368,6368,掌控,58,0.9016
6411,6411,好人,57,0.9584
6454,6454,滋润,57,0.9065
6458,6458,风筝,57,0.9097
6471,6471,角色,57,0.9033
6487,6487,高颜值,56,0.9455
6507,6507,新颖,56,0.9226
6508,6508,老少皆宜,56,0.9712
6536,6536,澎湃,56,0.9145
6546,6546,代购,56,0.94
6562,6562,善良,56,0.9053
6595,6595,沉醉,55,0.9685
6598,6598,大方,55,0.9456
6607,6607,历时,55,0.9106
6629,6629,安安静静,55,0.9515
6632,6632,遨游,55,0.9205
6633,6633,温润,55,0.9012
6638,6638,太赞,55,0.9815
6666,6666,着迷,55,0.9789
6688,6688,庄严,54,0.9279
6696,6696,皆宜,54,0.9222
6704,6704,热闹非凡,54,0.9386
6723,6723,一如既往,54,0.9702
6740,6740,美好时光,54,0.9723
6792,6792,文化底蕴,53,0.9216
6798,6798,渗入,53,0.9194
6822,6822,留香,53,0.9632
6834,6834,梦里,53,0.9033
6890,6890,国际化,52,0.9109
6894,6894,出色,52,0.9272
6896,6896,必看,52,0.9656
6901,6901,博主,52,0.9583
6910,6910,霸气,52,0.9567
6913,6913,惊险刺激,52,0.9769
6915,6915,爱不释手,52,0.9852
6921,6921,必选,52,0.9644
6922,6922,心满意足,52,0.9807
6929,6929,甜甜,52,0.9056
6964,6964,蛮有意思,52,0.946
6968,6968,跨年,52,0.96
7050,7050,蔓延,51,0.9418
7069,7069,承载,51,0.939
7073,7073,之首,51,0.9144
7080,7080,倔强,51,0.9404
7098,7098,古人,50,0.9141
7111,7111,真好,50,0.9908
7112,7112,飞快,50,0.921
7123,7123,手绘,50,0.9603
7154,7154,激发,50,0.9044
7171,7171,神清气爽,50,0.9707
7196,7196,畅玩,50,0.9354
7212,7212,爆好,50,0.9728
7238,7238,醇香,49,0.9068
7248,7248,茶香,49,0.9635
7257,7257,宽大,49,0.9192
7280,7280,好听,49,0.9649
7303,7303,小花,49,0.9472
7308,7308,犒劳,49,0.9101
7312,7312,很鲜,49,0.9337
7364,7364,参天,48,0.9515
7373,7373,赞叹,48,0.9729
7400,7400,美到,48,0.9422
7405,7405,芬芳,48,0.9213
7419,7419,茫茫大海,48,0.9323
7455,7455,睡前,48,0.9704
7466,7466,佛跳墙,47,0.9516
7490,7490,丽江,47,0.9116
7495,7495,准确,47,0.9349
7499,7499,踏实,47,0.9467
7507,7507,销魂,47,0.9383
7517,7517,珍藏,47,0.9139
7530,7530,蜜月旅行,47,0.9385
7542,7542,净化,47,0.947
7550,7550,优惠活动,47,0.9151
7617,7617,抱抱,46,0.9565
7619,7619,暖阳,46,0.9014
7638,7638,静下心来,46,0.9607
7639,7639,透彻,46,0.9309
7649,7649,血拼,46,0.9457
7672,7672,人儿,46,0.9133
7681,7681,骄傲,46,0.9767
7692,7692,从容,46,0.9501
7707,7707,鼓励,46,0.9435
7715,7715,轻盈,46,0.9761
7752,7752,目不暇接,45,0.9461
7756,7756,铺满,45,0.9167
7789,7789,流口水,45,0.9816
7796,7796,描绘,45,0.9172
7797,7797,厚实,45,0.9547
7815,7815,好美,45,0.988
7873,7873,满目,44,0.9165
7894,7894,深厚,44,0.9164
7907,7907,快节奏,44,0.92
7930,7930,健谈,44,0.9429
7933,7933,拍美照,44,0.9698
7959,7959,打动,44,0.9682
7965,7965,超越,44,0.9568
7993,7993,无私,44,0.9055
7996,7996,选暖莘好,44,0.9065
8010,8010,安全性,43,0.9174
8033,8033,口水,43,0.9292
8083,8083,大年初一,43,0.9384
8090,8090,心境,43,0.9559
8097,8097,成就感,43,0.956
8100,8100,顺畅,43,0.9361
8124,8124,王者,43,0.955
8144,8144,逼真,42,0.955
8164,8164,感触,42,0.9458
8186,8186,非凡,42,0.9372
8187,8187,自成,42,0.9442
8217,8217,出众,42,0.9408
8227,8227,无可挑剔,42,0.9616
8231,8231,亮丽,42,0.9214
8263,8263,告白,42,0.9414
8270,8270,high,42,0.9424
8287,8287,心识,42,0.9094
8288,8288,句号,41,0.9148
8297,8297,全家福,41,0.9226
8329,8329,很酷,41,0.9885
8332,8332,舒爽,41,0.9306
8345,8345,最棒,41,0.9922
8436,8436,小巧,40,0.9618
8442,8442,木船,40,0.9109
8454,8454,大增,40,0.9289
8468,8468,荣获,40,0.9038
8489,8489,守护,40,0.9749
8503,8503,林间,40,0.9703
8506,8506,欣喜,40,0.965
8507,8507,悠闲自在,40,0.9129
8514,8514,情有独钟,40,0.9536
8518,8518,沉静,40,0.9142
8533,8533,广角,40,0.9015
8538,8538,放纵,40,0.9243
8564,8564,保持平衡,40,0.9803
8566,8566,肤色,40,0.9379
8604,8604,优良,39,0.9402
8611,8611,一程,39,0.9394
8623,8623,蜂蜜,39,0.9243
8642,8642,饱饱,39,0.9526
8659,8659,聪明,39,0.944
8686,8686,女神,39,0.9025
8689,8689,出乎意料,39,0.9578
8695,8695,虽美,39,0.9464
8702,8702,点点滴滴,39,0.908
8710,8710,必来,39,0.9786
8722,8722,味十足,39,0.939
8747,8747,充满活力,39,0.9596
8764,8764,必先予之,39,0.9577
8773,8773,柔情,38,0.9625
8780,8780,第一场,38,0.9131
8841,8841,萌化,38,0.9175
8842,8842,风景优美,38,0.9565
8848,8848,小桥流水,38,0.9208
8860,8860,大饱口福,38,0.968
8870,8870,巴适,38,0.9418
8901,8901,生活用品,38,0.9382
8967,8967,应接不暇,37,0.9541
8969,8969,齐备,37,0.9442
9024,9024,上手,37,0.9523
9032,9032,高质量,37,0.9636
9041,9041,贴近,37,0.9232
9042,9042,着重,37,0.933
9063,9063,王子,37,0.9119
9080,9080,好玩儿,37,0.9055
9099,9099,吉他,37,0.9308
9102,9102,细胞,37,0.9071
9138,9138,定点,36,0.955
9156,9156,依依不舍,36,0.9065
9162,9162,柔美,36,0.9045
9207,9207,喜庆,36,0.9537
9223,9223,思念,36,0.9219
9245,9245,桥萌,36,0.9898
9262,9262,美如画,36,0.9394
9328,9328,精细,35,0.9036
9364,9364,静心,35,0.9457
9382,9382,泛起,35,0.9044
9421,9421,清热解毒,35,0.9405
9443,9443,坚强,35,0.9807
9453,9453,闪耀,35,0.9211
9460,9460,好开心,35,0.9958
9472,9472,敬业,35,0.9568
9536,9536,结实,34,0.9648
9573,9573,亭台楼阁,34,0.9218
9605,9605,比较满意,34,0.9581
9645,9645,追寻,34,0.9451
9720,9720,永恒,33,0.9569
9743,9743,香甜可口,33,0.9831
9748,9748,人间仙境,33,0.9764
9750,9750,可比,33,0.9173
9766,9766,好好看,33,0.9947
9770,9770,腼腆,33,0.9229
9865,9865,前卫,33,0.9071
9882,9882,极富,32,0.9088
9887,9887,挺快,32,0.9475
9960,9960,香嫩,32,0.912
9968,9968,欣慰,32,0.9339
9981,9981,很清,32,0.9014
10009,10009,闺蜜来,32,0.9397
10028,10028,高效,32,0.9076
10040,10040,眷顾,32,0.9119
10043,10043,掌声,32,0.9111
10050,10050,发光,32,0.9415
10062,10062,熟练,32,0.9006
10066,10066,好车,32,0.9687
10079,10079,追随,32,0.9829
10090,10090,早安,32,0.9063
10098,10098,可爱多,32,0.9461
10147,10147,美滋滋,31,0.933
10188,10188,一如,31,0.9337
10193,10193,来来回回,31,0.903
10202,10202,停好车,31,0.9715
10204,10204,生活节奏,31,0.907
10223,10223,哇塞,31,0.9166
10226,10226,首推,31,0.9809
10235,10235,自豪,31,0.9595
10243,10243,致敬,31,0.9891
10246,10246,沉醉在,31,0.9395
10292,10292,很值,31,0.9782
10293,10293,眼泪,31,0.9442
10317,10317,五年,31,0.9328
10326,10326,恐高,31,0.9599
10336,10336,风景名胜,31,0.9214
10363,10363,冰爽,31,0.9414
10410,10410,感人,30,0.969
10411,10411,必带,30,0.9705
10428,10428,娴熟,30,0.9128
10451,10451,佳品,30,0.9466
10475,10475,实实在在,30,0.9277
10511,10511,香醇,30,0.9477
10522,10522,民俗风情,30,0.9471
10531,10531,如诗如画,30,0.9701
10536,10536,私藏,30,0.9047
10559,10559,地表,30,0.9017
10564,10564,一幕幕,30,0.9903
10570,10570,很绝,30,0.9443
10571,10571,进村,30,0.9076
10602,10602,新增,30,0.942
10619,10619,锦鲤,30,0.9171
10642,10642,轻便,29,0.9775
10655,10655,诉说,29,0.9116
10693,10693,清新自然,29,0.9674
10722,10722,收官,29,0.9078
10744,10744,虔诚,29,0.9172
10745,10745,不可收拾,29,0.9698
10758,10758,恬淡,29,0.9141
10764,10764,园林式,29,0.9556
10774,10774,荡气回肠,29,0.9192
10778,10778,领先,29,0.9235
10791,10791,佛光,29,0.9198
10808,10808,顺手,29,0.9503
10856,10856,比较稳定,29,0.9362
10896,10896,胆小,29,0.9276
10898,10898,高超,29,0.9181
10915,10915,血糖,29,0.9013
10942,10942,无与伦比,28,0.9711
10961,10961,两不误,28,0.9812
10986,10986,扶墙,28,0.9034
11006,11006,不累,28,0.9696
11009,11009,鼻祖,28,0.9708
11018,11018,信仰,28,0.9732
11052,11052,花花,28,0.9682
11063,11063,操控,28,0.901
11072,11072,历历在目,28,0.9044
11081,11081,大片大片,28,0.9788
11096,11096,不可或缺,28,0.9588
11105,11105,别错过,28,0.9801
11135,11135,精准,28,0.9151
11158,11158,专车接送,28,0.9457
11183,11183,迷上,28,0.927
11244,11244,如画,27,0.9511
11250,11250,动听,27,0.903
11273,11273,常去,27,0.915
11279,11279,增色,27,0.9071
11290,11290,回甘,27,0.9154
11297,11297,其乐融融,27,0.9537
11299,11299,直击,27,0.9596
11313,11313,玩遍,27,0.9136
11315,11315,丛林中,27,0.9136
11319,11319,近代,27,0.9034
11340,11340,充沛,27,0.9695
11356,11356,特别感谢,27,0.9795
11414,11414,忠实,27,0.9768
11416,11416,不差,27,0.905
11423,11423,极好地,27,0.9468
11432,11432,第一步,27,0.9481
11496,11496,板栗,27,0.9074
11505,11505,陪伴着,27,0.9487
11535,11535,性感,26,0.9812
11537,11537,摆件,26,0.9525
11546,11546,挺舒服,26,0.9766
11547,11547,没话说,26,0.9472
11555,11555,太饱,26,0.935
11559,11559,自由选择,26,0.9585
11614,11614,精湛,26,0.9472
11641,11641,夏末,26,0.9434
11650,11650,沉稳,26,0.9483
11665,11665,独具匠心,26,0.9213
11666,11666,耳目一新,26,0.9542
11684,11684,笔芯,26,0.983
11691,11691,最南,26,0.9559
11692,11692,流畅,26,0.9679
11716,11716,守望,26,0.9053
11765,11765,园里,26,0.9309
11770,11770,幽默,26,0.919
11777,11777,天性,26,0.9021
11839,11839,搬家,26,0.9044
11866,11866,价格公道,25,0.9079
11869,11869,悦耳,25,0.9621
11875,11875,无缝,25,0.9412
11900,11900,难得一见,25,0.9322
11901,11901,天南地北,25,0.9047
11925,11925,标杆,25,0.9604
11931,11931,美丽动人,25,0.9933
11958,11958,超快,25,0.9788
11960,11960,最蓝,25,0.9414
11967,11967,补货,25,0.9392
11987,11987,范儿,25,0.9125
11998,11998,挚爱,25,0.9774
12015,12015,照亮,25,0.9322
12017,12017,美貌,25,0.9191
12024,12024,有缘,25,0.9457
12042,12042,超强,25,0.948
12083,12083,演唱会,25,0.9455
12110,12110,才华,25,0.9103
12131,12131,保暖,25,0.9113
12144,12144,明早,25,0.9496
12174,12174,2010,25,0.9055
12188,12188,锐利,25,0.9473
12210,12210,丽丽,25,0.9422
12244,12244,美味佳肴,24,0.9825
12245,12245,当之无愧,24,0.9453
12307,12307,猝不及防,24,0.9587
12326,12326,回归自然,24,0.9208
12357,12357,恭喜,24,0.9011
12359,12359,大爱,24,0.9915
12369,12369,每周,24,0.9063
12382,12382,杠杠,24,0.9867
12420,12420,燕窝,24,0.9159
12432,12432,英俊,24,0.9347
12437,12437,尘世,24,0.9142
12456,12456,秒杀,24,0.9196
12483,12483,中西合璧,24,0.9663
12489,12489,中意,24,0.9601
12507,12507,下里巴人,24,0.9243
12534,12534,夹道欢迎,24,0.9192
12571,12571,害羞,24,0.9694
12575,12575,大神,24,0.9421
12594,12594,巅峰,24,0.9819
12629,12629,CocobayRestaurantCocobayRestaurantCocobayRestaurantCocobayRestaurantCocobayRestaurant,24,0.9891
12654,12654,福音,23,0.9218
12660,12660,厨具,23,0.9661
12665,12665,观感,23,0.9008
12678,12678,歌词,23,0.9458
12690,12690,一番滋味,23,0.9524
12691,12691,回眸,23,0.9495
12702,12702,最强,23,0.9001
12718,12718,俱佳,23,0.9654
12722,12722,口福,23,0.9081
12730,12730,螺旋,23,0.9064
12733,12733,超酷,23,0.9797
12743,12743,超爽,23,0.9547
12764,12764,浪漫爱情,23,0.9913
12771,12771,别具特色,23,0.9269
12814,12814,必尝,23,0.9413
12820,12820,一扫而光,23,0.9168
12839,12839,苍茫,23,0.9057
12849,12849,物超所值,23,0.9881
12863,12863,好久不见,23,0.9149
12883,12883,熬夜,23,0.9709
12884,12884,带够,23,0.9162
12904,12904,爱喝,23,0.9654
12908,12908,太棒,23,0.9532
12925,12925,有助于,23,0.951
12961,12961,稀饭,23,0.9415
12963,12963,窃喜,23,0.9069
13055,13055,水立方,23,0.9179
13106,13106,热情周到,22,0.9465
13117,13117,交谈,22,0.953
13147,13147,数一数二,22,0.9771
13152,13152,解压,22,0.9519
13155,13155,渐变色,22,0.9088
13162,13162,扎实,22,0.9766
13164,13164,很旺,22,0.9171
13175,13175,烟雨,22,0.9557
13178,13178,往事,22,0.9208
13215,13215,必玩,22,0.9615
13226,13226,地爱上,22,0.9835
13231,13231,均衡,22,0.9215
13257,13257,不可多得,22,0.9753
13289,13289,越香,22,0.9257
13291,13291,高能,22,0.9086
13307,13307,修行,22,0.9418
13308,13308,荷尔蒙,22,0.9306
13342,13342,平易近人,22,0.928
13356,13356,正中,22,0.9001
13373,13373,值得一提,22,0.943
13437,13437,大幕,22,0.9565
13449,13449,顺眼,22,0.9408
13453,13453,弥足珍贵,22,0.9544
13477,13477,小宝贝,22,0.9523
13481,13481,表白,22,0.978
13502,13502,双颊,22,0.9112
13505,13505,想念起,22,0.9581
13511,13511,萌猴,22,0.9639
13559,13559,好极了,21,0.9407
13570,13570,深藏,21,0.9013
13577,13577,阳光充足,21,0.9613
13622,13622,轻轻松松,21,0.9265
13666,13666,定期,21,0.9253
13683,13683,酷酷,21,0.9536
13740,13740,强力,21,0.9358
13787,13787,细细品味,21,0.9171
13795,13795,生日派对,21,0.9362
13796,13796,吃遍,21,0.9353
13802,13802,热爱生活,21,0.9857
13814,13814,脆爽,21,0.9633
13819,13819,舒坦,21,0.9409
13847,13847,精制,21,0.907
13860,13860,一晃,21,0.9255
13863,13863,刮目相看,21,0.982
13925,13925,正合我意,21,0.9898
13957,13957,岛好,21,0.923
13976,13976,新年好,21,0.9597
13984,13984,画中,21,0.9004
14009,14009,井然有序,20,0.9714
14020,14020,核算,20,0.9633
14047,14047,最靓,20,0.9452
14048,14048,幽香,20,0.918
14090,14090,钟爱,20,0.9321
14110,14110,恰当,20,0.9421
14116,14116,园林设计,20,0.9079
14124,14124,认准,20,0.9779
14175,14175,点睛之笔,20,0.9358
14189,14189,爽歪歪,20,0.9689
14192,14192,物有所值,20,0.966
14196,14196,价廉物美,20,0.9791
14208,14208,很饱,20,0.9527
14210,14210,环游世界,20,0.926
14214,14214,赫赫有名,20,0.9064
14240,14240,撑起,20,0.9191
14273,14273,热带丛林,20,0.9491
14285,14285,美极了,20,0.9277
14289,14289,重温,20,0.9472
14307,14307,一切顺利,20,0.985
14339,14339,不愧为,20,0.915
14376,14376,完备,20,0.932
14389,14389,宅院,20,0.9287
14403,14403,开心玩,20,0.9349
14452,14452,美图,20,0.9732
14462,14462,凄美,20,0.9346
14472,14472,美好世界,20,0.9617
14524,14524,河豚,19,0.9053
14563,14563,相随,19,0.9821
14582,14582,无拘无束,19,0.9122
14590,14590,爱恋,19,0.9013
14626,14626,归属,19,0.9199
14635,14635,魂牵梦绕,19,0.9188
14637,14637,上乘,19,0.9829
14663,14663,必到,19,0.9564
14665,14665,夏夜,19,0.9083
14669,14669,毋庸置疑,19,0.9908
14682,14682,冲破,19,0.9295
14684,14684,温暖如春,19,0.9635
14689,14689,海洋公园,19,0.9056
14702,14702,有滋有味,19,0.9246
14709,14709,超嫩,19,0.9449
14745,14745,火山爆发,19,0.9575
14836,14836,食材萌,19,0.9915
14844,14844,炫酷,19,0.9092
14850,14850,自然风景,19,0.9074
14854,14854,好觉,19,0.9002
14860,14860,圆梦,19,0.9042
14883,14883,人与自然,19,0.9224
14957,14957,瞩目,19,0.9652
14959,14959,Hi,19,0.9307
15023,15023,心姐,19,0.9642
15052,15052,记忆犹新,18,0.9052
15055,15055,洞天,18,0.9168
15061,15061,静下来,18,0.9285
15100,15100,拉萨,18,0.9361
15107,15107,不赖,18,0.9721
15124,15124,方便快捷,18,0.9419
15130,15130,正艳,18,0.9431
15138,15138,都市生活,18,0.9675
15176,15176,私信,18,0.9766
15195,15195,海角天涯,18,0.9144
15242,15242,自如,18,0.9495
15251,15251,动情,18,0.9034
15336,15336,城中,18,0.9104
15348,15348,春晚,18,0.9077
15372,15372,践行,18,0.9213
15403,15403,向前走,18,0.9068
15412,15412,根据地,18,0.9544
15434,15434,熊猫,18,0.9265
15562,15562,HAPPY,18,0.9669
15578,15578,LivetheFrenchways,18,0.9876
15584,15584,祝你快乐,18,0.9367
15593,15593,很美能,18,0.9767
15611,15611,衣橱,18,0.9378
15615,15615,力粉,18,0.9083
15623,15623,ampampSPA,18,0.9105
15639,15639,品种齐全,17,0.9232
15647,15647,整齐划一,17,0.9102
15712,15712,最赞,17,0.9809
15725,15725,亲情,17,0.9193
15730,15730,结识,17,0.9372
15778,15778,相中,17,0.93
15780,15780,呆萌,17,0.9777
15789,15789,独到,17,0.9074
15832,15832,美是,17,0.9232
15840,15840,够味,17,0.928
15843,15843,拉风,17,0.9126
15845,15845,安静下来,17,0.9072
15872,15872,首屈一指,17,0.9285
15883,15883,老少咸宜,17,0.967
15887,15887,太爽,17,0.9061
15890,15890,必经之路,17,0.9087
15900,15900,挺好玩,17,0.9661
15901,15901,00,17,0.9057
15907,15907,高汤,17,0.9113
15908,15908,现代感,17,0.9263
15923,15923,渊源,17,0.9143
15927,15927,重逢,17,0.973
15938,15938,鹿萌,17,0.9975
15939,15939,萌地,17,0.9435
15940,15940,那呆萌,17,0.9468
15947,15947,款待,17,0.9016
15951,15951,好味,17,0.9376
15981,15981,体贴,17,0.9614
16000,16000,热血,17,0.9431
16005,16005,得意,17,0.9186
16031,16031,黑板,17,0.9504
16036,16036,强劲,17,0.9363
16057,16057,放风筝,17,0.9285
16067,16067,必有,17,0.9651
16075,16075,故宫,17,0.9561
16081,16081,厚道,17,0.9137
16091,16091,很萌,17,0.9942
16097,16097,很呆萌,17,0.9927
16100,16100,力哥,17,0.952
16119,16119,休闲活动,17,0.9228
16133,16133,从小到大,17,0.9288
16137,16137,专辑,17,0.9612
16143,16143,橙子,17,0.9461
16147,16147,好几棵,17,0.9055
16202,16202,大明湖,17,0.9413
16210,16210,歌唱祖国,17,0.9147
16288,16288,超爱清,17,0.9933
16289,16289,很粉,17,0.9065
16300,16300,每一刻,16,0.929
16315,16315,很合,16,0.9644
16319,16319,放心大胆,16,0.963
16362,16362,绰绰有余,16,0.9295
16368,16368,五脏俱全,16,0.9621
16371,16371,必做,16,0.9606
16403,16403,胜过,16,0.9408
16423,16423,老朋友,16,0.9002
16459,16459,蜜蜂,16,0.9348
16481,16481,一刹那,16,0.9087
16485,16485,浪漫气息,16,0.9388
16501,16501,意料之外,16,0.951
16514,16514,视听,16,0.9695
16529,16529,很帅,16,0.997
16534,16534,芸芸众生,16,0.9433
16545,16545,心水,16,0.9083
16568,16568,轻松自在,16,0.9747
16588,16588,值得纪念,16,0.9778
16610,16610,福字,16,0.9175
16617,16617,天气晴好,16,0.9235
16628,16628,鼓掌,16,0.9693
16629,16629,赏月,16,0.9157
16655,16655,地地道道,16,0.9073
16715,16715,大屏幕,16,0.9261
16755,16755,攀谈,16,0.9112
16859,16859,升旗,16,0.9802
16874,16874,万岁,16,0.9072
16974,16974,大都市,15,0.9243
16981,16981,忘不了,15,0.9517
16985,16985,敏捷,15,0.9534
16987,16987,风趣,15,0.9199
17024,17024,之梦,15,0.9457
17136,17136,幸福美满,15,0.9915
17138,17138,专研,15,0.9201
17152,17152,省油,15,0.9786
17166,17166,红尘,15,0.9208
17175,17175,庄严肃穆,15,0.9662
17183,17183,驱散,15,0.9055
17185,17185,画画,15,0.9789
17267,17267,走一遍,15,0.9018
17284,17284,而萌,15,0.9781
17299,17299,轻快,15,0.9674
17303,17303,再美,15,0.971
17320,17320,绝好,15,0.9542
17321,17321,心花怒放,15,0.9015
17370,17370,PP,15,0.9355
17389,17389,明快,15,0.9057
17397,17397,合算,15,0.9493
17400,17400,追剧,15,0.9531
17452,17452,好爽,15,0.9863
17473,17473,展区,15,0.9495
17490,17490,逆风,15,0.9228
17516,17516,顺利完成,15,0.9656
17551,17551,春风得意,15,0.9459
17553,17553,苍凉,15,0.9049
17572,17572,间览遍,15,0.9456
17574,17574,暮色四合,15,0.9199
17607,17607,ShallIcomparetheetoasummersdaythouartmorelovelyandmoretemperateByWWilliamShakespeare,15,0.9328
17618,17618,美多图,15,0.9149
17636,17636,爱笑,15,0.9718
17637,17637,酒窝,15,0.9644
17642,17642,放美图,15,0.9464
17647,17647,很巧,15,0.9722
17683,17683,蒲公英,15,0.931
17747,17747,其貌不扬,14,0.9178
17780,17780,谐音,14,0.9024
17781,17781,嘱咐,14,0.9355
17785,17785,酷炫,14,0.9555
17817,17817,稳固,14,0.9011
17820,17820,折服,14,0.9612
17823,17823,迷住,14,0.9811
17831,17831,信念,14,0.9578
17861,17861,无法自拔,14,0.9715
17895,17895,源源不断,14,0.9542
17932,17932,惟妙惟肖,14,0.9281
17934,17934,美哉,14,0.9628
17977,17977,很加分,14,0.927
18013,18013,美味可口,14,0.9766
18034,18034,带感,14,0.9409
18055,18055,荣幸,14,0.9004
18106,18106,春夏秋冬,14,0.92
18159,18159,触动,14,0.9216
18187,18187,白昼,14,0.9133
18190,18190,一气呵成,14,0.9489
18257,18257,字爽,14,0.9601
18324,18324,第三代,14,0.9318
18386,18386,画室,14,0.9261
18422,18422,木棉树,14,0.9162
18423,18423,灿爸,14,0.9514
18520,18520,百看不厌,13,0.9837
18533,18533,保真,13,0.9088
18537,18537,年少,13,0.9024
18541,18541,好久好久,13,0.922
18550,18550,非常感谢,13,0.9856
18554,18554,恍如,13,0.9064
18564,18564,爱车,13,0.9511
18570,18570,爆汁,13,0.9261
18575,18575,药用植物,13,0.9373
18586,18586,灵气,13,0.9263
18608,18608,乾隆皇帝,13,0.9065
18686,18686,晒晒,13,0.9256
18721,18721,憨态可掬,13,0.947
18751,18751,超萌,13,0.9965
18766,18766,震撼人心,13,0.9043
18770,18770,沉迷于,13,0.9049
18778,18778,纯洁,13,0.9584
18785,18785,NICE,13,0.9425
18803,18803,手感,13,0.9047
18813,18813,超鲜,13,0.9557
18819,18819,尝遍,13,0.9529
18828,18828,杰作,13,0.9037
18841,18841,原图,13,0.9904
18870,18870,超足,13,0.9687
18882,18882,寒气,13,0.9352
18889,18889,香中,13,0.9129
18899,18899,不错呀,13,0.9196
18912,18912,初次见面,13,0.9004
18930,18930,淋漓,13,0.9424
18933,18933,帅哥美女,13,0.9637
18985,18985,羞涩,13,0.963
18993,18993,更赞,13,0.9428
19011,19011,热泪盈眶,13,0.9879
19064,19064,坚守,13,0.9269
19198,19198,极其丰富,13,0.9397
19210,19210,累坏,13,0.9065
19211,19211,今年过年,13,0.9135
19259,19259,六星,13,0.9669
19261,19261,天安门,13,0.9387
19281,19281,情深,13,0.9203
19331,19331,优秀品质,13,0.9479
19367,19367,盆景,12,0.9134
19379,19379,Mojito,12,0.9136
19424,19424,麻雀虽小,12,0.9155
19425,19425,最爽,12,0.9856
19457,19457,归属感,12,0.9223
19466,19466,杰克,12,0.9017
19471,19471,空运,12,0.9291
19481,19481,全免费,12,0.9135
19501,19501,福气,12,0.9327
19514,19514,小曲,12,0.9095
19527,19527,一等一,12,0.9474
19531,19531,空间感,12,0.9236
19537,19537,煞是好看,12,0.9956
19545,19545,很烈,12,0.9539
19574,19574,and,12,0.9077
19575,19575,一尘不染,12,0.9535
19576,19576,动容,12,0.9777
19582,19582,新鲜出炉,12,0.909
19616,19616,沉醉于,12,0.9504
19620,19620,闺蜜行,12,0.9386
19644,19644,堪称一绝,12,0.9865
19655,19655,剧幕,12,0.986
19689,19689,家庭聚会,12,0.9077
19703,19703,值得称赞,12,0.9767
19796,19796,碉堡,12,0.9575
19820,19820,肉嫩,12,0.942
19822,19822,卡哇伊,12,0.9624
19854,19854,离椰梦,12,0.9121
19888,19888,哈哈大笑,12,0.9247
19916,19916,泪水,12,0.9297
19988,19988,会爱上,12,0.9884
20005,20005,循着,12,0.9207
20063,20063,实诚,12,0.9107
20070,20070,激励,12,0.9228
20112,20112,girl,12,0.908
20146,20146,轻车熟路,12,0.9301
20192,20192,传统节日,12,0.9403
20196,20196,日军,12,0.9477
20234,20234,休眠火山,12,0.9417
20269,20269,嗲得,12,0.9518
20278,20278,忠于,12,0.937
20328,20328,很美刚,12,0.9852
20349,20349,心爸,12,0.9634
20392,20392,更棒,11,0.9717
20393,20393,合胃口,11,0.9401
20429,20429,性好,11,0.9609
20434,20434,秘方,11,0.9331
20447,20447,惊喜万分,11,0.9627
20460,20460,清清,11,0.9015
20480,20480,咸淡适中,11,0.979
20495,20495,活泼可爱,11,0.9961
20498,20498,爱看,11,0.9762
20507,20507,人性,11,0.9491
20598,20598,好几碗,11,0.953
20623,20623,极美,11,0.9474
20677,20677,纯真,11,0.9578
20685,20685,佼佼者,11,0.9465
20721,20721,养身,11,0.9388
20722,20722,公益,11,0.979
20757,20757,爱意,11,0.9405
20814,20814,最酷,11,0.9864
20855,20855,稳重,11,0.9677
21016,21016,化解,11,0.9357
21059,21059,肾上腺素,11,0.9028
21070,21070,甜甜蜜蜜,11,0.9158
21123,21123,回首,11,0.9209
21132,21132,生日礼物,11,0.9736
21222,21222,丹霞,11,0.9245
21242,21242,传人,11,0.9219
21263,21263,故人,11,0.9417
21350,21350,我爱你,11,0.9401
21378,21378,看学霸,11,0.9616
21382,21382,很岗岗,11,0.9677
21418,21418,清冷,11,0.9154
21430,21430,开阔视野,11,0.9026
21445,21445,蓦然回首,11,0.9823
21458,21458,锦上添花,11,0.9168
21550,21550,真美,10,0.9728
21572,21572,深入人心,10,0.9308
21595,21595,驻足观看,10,0.9299
21615,21615,清流,10,0.9291
21626,21626,令人兴奋,10,0.9481
21631,21631,贪吃,10,0.9779
21654,21654,体验式,10,0.9048
21662,21662,奇缘,10,0.9197
21669,21669,有情人终成眷属,10,0.9349
21711,21711,荷包,10,0.9092
21716,21716,乐得,10,0.9128
21722,21722,实至名归,10,0.9558
21789,21789,心向往之,10,0.9884
21795,21795,首班车,10,0.9174
21799,21799,止不住,10,0.9167
21809,21809,无条件,10,0.9634
21822,21822,静美,10,0.9923
21857,21857,稳稳,10,0.9766
21859,21859,情愫,10,0.9177
21864,21864,爱来,10,0.9759
21882,21882,十分满意,10,0.9891
21884,21884,幸运地,10,0.9173
21886,21886,殿内,10,0.913
21935,21935,相思,10,0.9317
21969,21969,道别,10,0.921
21990,21990,杂技表演,10,0.9267
21998,21998,好山好水,10,0.9383
22002,22002,会心一笑,10,0.9542
22038,22038,搭箭,10,0.9422
22041,22041,可太美,10,0.9308
22046,22046,所在城市,10,0.904
22106,22106,好几遍,10,0.9545
22172,22172,热腾腾,10,0.9044
22206,22206,常客,10,0.9639
22285,22285,八大菜系,10,0.943
22291,22291,作美,10,0.975
22301,22301,真爱,10,0.9326
22376,22376,直爽,10,0.9451
22381,22381,好巧,10,0.9393
22421,22421,激荡,10,0.9145
22441,22441,带之首,10,0.9445
22443,22443,我太爱,10,0.9
22528,22528,高清,10,0.9306
22532,22532,洞庭湖,10,0.9222
22576,22576,不散,10,0.9772
22585,22585,十五年,10,0.9309
22610,22610,致闺蜜,10,0.9456
22611,22611,暗恋,10,0.96
22654,22654,无需多说,10,0.9387
22718,22718,情话,10,0.9609
22732,22732,阿月,10,0.9695
22733,22733,香带,10,0.9105
22739,22739,NewBoyBrunchTime,10,0.9816
22764,22764,real,10,0.9207
22852,22852,CocobayRestaurantCocobayRestaurantCocobayRestaurantCocobayRestaurantCocobayRestaurantCocobayRestaurant,10,0.9929
22855,22855,人特好,10,0.929
22863,22863,最香,9,0.954
22875,22875,背山,9,0.9384
22943,22943,诱惑力,9,0.9005
22966,22966,美可,9,0.9535
22977,22977,外型,9,0.9015
22981,22981,入镜,9,0.9041
23029,23029,精彩表演,9,0.9639
23039,23039,风味十足,9,0.9646
23049,23049,挺美,9,0.9797
23108,23108,越好,9,0.9619
23170,23170,量身定做,9,0.9224
23180,23180,时尚杂志,9,0.9535
23184,23184,隽永,9,0.9282
23186,23186,冥冥之中,9,0.9196
23192,23192,落幕,9,0.9223
23225,23225,康复,9,0.969
23226,23226,必侬,9,0.92
23232,23232,好运气,9,0.9005
23250,23250,稳稳地,9,0.9388
23274,23274,神秘色彩,9,0.9001
23299,23299,热血沸腾,9,0.9779
23305,23305,酣畅淋漓,9,0.9039
23327,23327,必游,9,0.9592
23455,23455,抢到,9,0.9164
23471,23471,灵巧,9,0.9075
23507,23507,增进,9,0.9287
23523,23523,路痴,9,0.9706
23525,23525,看遍,9,0.9549
23530,23530,美在,9,0.9438
23539,23539,live,9,0.9385
23574,23574,撩人,9,0.9551
23641,23641,通关,9,0.9086
23644,23644,馋嘴,9,0.9367
23646,23646,坚固,9,0.9063
23667,23667,一点一滴,9,0.919
23682,23682,基友,9,0.9637
23684,23684,正点,9,0.9607
23687,23687,轮回,9,0.9196
23698,23698,心扉,9,0.9368
23734,23734,内敛,9,0.9435
23813,23813,媳妇儿,9,0.9124
23961,23961,书画,9,0.9299
24010,24010,很暖心,9,0.9935
24068,24068,一博同款,9,0.9009
24121,24121,专业知识,9,0.9699
24202,24202,剔透,9,0.9308
24336,24336,拍美,9,0.969
24340,24340,养够,9,0.9016
24342,24342,沙姜小青橘,9,0.9074
24352,24352,俯览,9,0.9384
24375,24375,王嘉尔,9,0.9916
24414,24414,科技进步,9,0.9356
24441,24441,密室,9,0.9186
24449,24449,CocobayRestaurantCocobayRestaurantCocobayRestaurantCocobayRestaurantCocobayRestaurantCocobayRestaurantCocobayRestaurant,9,0.995
24469,24469,宁静致远,8,0.9686
24476,24476,闺蜜们,8,0.9251
24523,24523,齐活,8,0.9265
24574,24574,必住,8,0.9676
24611,24611,紧绷,8,0.9126
24612,24612,有劲,8,0.9491
24649,24649,花眼,8,0.9546
24654,24654,洗涤,8,0.9077
24675,24675,似曾相识,8,0.9174
24681,24681,快来,8,0.9105
24730,24730,有萌,8,0.9814
24731,24731,爱字,8,0.9536
24752,24752,私家园林,8,0.9373
24757,24757,炊烟袅袅,8,0.9263
24772,24772,怦然心动,8,0.9499
24789,24789,很正,8,0.972
24817,24817,闪闪发亮,8,0.9329
24827,24827,座座,8,0.9403
24828,24828,幽美,8,0.9732
24834,24834,纯纯,8,0.9457
24838,24838,体力活,8,0.9367
24852,24852,不断扩大,8,0.925
24858,24858,好酷,8,0.9884
24860,24860,大吃,8,0.9277
24905,24905,喂鹿,8,0.9445
24941,24941,遍游,8,0.9089
24947,24947,香味扑鼻,8,0.9174
24978,24978,生日快乐,8,0.9938
24984,24984,稳稳当当,8,0.9557
25019,25019,功能齐全,8,0.9796
25032,25032,过过瘾,8,0.9378
25087,25087,号萌,8,0.988
25091,25091,克制,8,0.9263
25103,25103,伯爵,8,0.9002
25261,25261,一个舒服,8,0.9429
25266,25266,丝绒,8,0.9169
25270,25270,送上门,8,0.9278
25293,25293,正合适,8,0.961
25298,25298,正旺,8,0.9372
25303,25303,各奔东西,8,0.9103
25326,25326,嫉妒,8,0.9239
25384,25384,林荫大道,8,0.9072
25413,25413,喜出望外,8,0.9018
25431,25431,焕然一新,8,0.9799
25472,25472,缅怀,8,0.9636
25534,25534,牵挂,8,0.9648
25643,25643,人杰地灵,8,0.9341
25659,25659,节油,8,0.9381
25684,25684,耿直,8,0.9701
25690,25690,文化名城,8,0.9415
25697,25697,小康,8,0.9151
25710,25710,安好,8,0.906
25712,25712,大气磅礴,8,0.9459
25755,25755,老张,8,0.9699
25756,25756,校友,8,0.9688
25757,25757,蕨类植物,8,0.9551
25789,25789,新年快乐,8,0.9975
25804,25804,期待值,8,0.9867
25813,25813,黑天鹅,8,0.9341
25817,25817,宿命,8,0.9052
25848,25848,小爱爸,8,0.9344
25889,25889,继续前进,8,0.9206
25935,25935,中上,8,0.9257
26008,26008,亲和力,8,0.9513
26010,26010,快意,8,0.9224
26062,26062,一萌,8,0.9826
26065,26065,甜萌,8,0.9809
26118,26118,超低温,8,0.9398
26145,26145,豪华气派,8,0.9798
26206,26206,搜好,8,0.9628
26308,26308,夏秋季,7,0.9111
26336,26336,亲亲,7,0.9532
26371,26371,浪漫情怀,7,0.9806
26418,26418,信奉,7,0.933
26468,26468,小绵羊,7,0.9098
26498,26498,眼瘾,7,0.9449
26532,26532,游刃有余,7,0.9648
26536,26536,艺术享受,7,0.9371
26538,26538,爱为,7,0.9068
26544,26544,波光潋滟,7,0.9149
26558,26558,糯香,7,0.934
26567,26567,孩纸,7,0.9188
26593,26593,扣人心弦,7,0.9273
26614,26614,生动有趣,7,0.9424
26617,26617,醇正,7,0.9633
26628,26628,美爆,7,0.9876
26666,26666,蛋黄酱,7,0.9058
26699,26699,友爱,7,0.9288
26744,26744,心胸开阔,7,0.9368
26755,26755,轻声细语,7,0.9763
26780,26780,黑珍珠,7,0.9123
26794,26794,纵览,7,0.9279
26815,26815,比较顺利,7,0.9504
26831,26831,园林绿化,7,0.9528
26873,26873,更爱,7,0.9322
26899,26899,轻松自由,7,0.9902
26901,26901,宠儿,7,0.9429
26939,26939,阵容强大,7,0.9384
26971,26971,大饱眼福,7,0.9242
26978,26978,不同凡响,7,0.9315
26999,26999,偶像,7,0.949
27005,27005,不俗,7,0.9715
27063,27063,好棒,7,0.9976
27090,27090,会员制,7,0.9276
27109,27109,蓬莱仙境,7,0.9522
27124,27124,操控性,7,0.9381
27208,27208,挺值,7,0.961
27211,27211,保持联系,7,0.9532
27228,27228,最帅,7,0.9968
27250,27250,省时省力,7,0.9224
27252,27252,国宝,7,0.9399
27300,27300,私聊,7,0.9378
27302,27302,敬佩,7,0.9597
27319,27319,稳定性,7,0.9087
27323,27323,汹涌澎湃,7,0.9578
27333,27333,真棒,7,0.9861
27359,27359,力荐,7,0.9661
27404,27404,必逛,7,0.9618
27456,27456,美翻,7,0.966
27494,27494,迈进,7,0.9002
27510,27510,心诚则灵,7,0.9456
27516,27516,轻松愉快,7,0.9925
27532,27532,梅州,7,0.9207
27547,27547,看够,7,0.9088
27601,27601,略略,7,0.9222
27719,27719,革命斗争,7,0.9659
27785,27785,大赞,7,0.9917
27804,27804,阿华,7,0.9365
27819,27819,精神家园,7,0.9066
27843,27843,忘情,7,0.9258
27864,27864,观看表演,7,0.9293
27902,27902,巨著,7,0.9119
27939,27939,山东省,7,0.915
27958,27958,眼眶,7,0.9506
27959,27959,人美,7,0.9401
28006,28006,始终保持,7,0.9398
28039,28039,爽来,7,0.9766
28042,28042,精力充沛,7,0.9595
28082,28082,cool,7,0.9656
28107,28107,传奇色彩,7,0.9298
28114,28114,想见,7,0.9025
28185,28185,文明城市,7,0.9172
28204,28204,天天开心,7,0.9553
28205,28205,荡来荡去,7,0.9591
28274,28274,可期,7,0.9271
28288,28288,杰出代表,7,0.9412
28311,28311,超美到,7,0.9338
28421,28421,现场表演,6,0.9125
28445,28445,功底,6,0.9581
28545,28545,轻声,6,0.9216
28585,28585,一丝不苟,6,0.9265
28632,28632,这鹿,6,0.9528
28655,28655,口水直流,6,0.9629
28692,28692,白龙,6,0.9347
28700,28700,美满,6,0.9038
28749,28749,炸裂,6,0.9196
28765,28765,海量,6,0.9611
28775,28775,知识结构,6,0.917
28777,28777,颐和园,6,0.9282
28795,28795,静看,6,0.9646
28801,28801,超正,6,0.9835
28809,28809,仙女下凡,6,0.9549
28822,28822,配制,6,0.9028
28831,28831,可靠,6,0.9398
28866,28866,增香,6,0.9127
28867,28867,回头率,6,0.9826
28882,28882,体验生活,6,0.9621
28935,28935,好帅,6,0.9951
28959,28959,很拉风,6,0.9743
29000,29000,不可磨灭,6,0.9
29013,29013,击中,6,0.9173
29075,29075,人情味,6,0.9123
29080,29080,更爽,6,0.9452
29135,29135,鹿多,6,0.922
29198,29198,侧颜,6,0.9283
29216,29216,富强,6,0.913
29221,29221,鲜甜鲜,6,0.9413
29244,29244,香和乐蟹,6,0.9475
29248,29248,稳当,6,0.9588
29250,29250,很稳,6,0.9929
29329,29329,美好记忆,6,0.98
29419,29419,蛮快,6,0.9462
29428,29428,威武,6,0.9865
29431,29431,弹牙鲜,6,0.9423
29440,29440,青花瓷,6,0.9118
29442,29442,喝彩,6,0.9083
29443,29443,perfect,6,0.9444
29445,29445,Q3,6,0.9162
29452,29452,艾草,6,0.9099
29513,29513,平平安安,6,0.9715
29581,29581,美有,6,0.955
29653,29653,灵敏,6,0.9329
29654,29654,优异,6,0.9488
29656,29656,平顺,6,0.9757
29707,29707,完好无损,6,0.921
29762,29762,好防,6,0.9077
29769,29769,农夫山泉,6,0.9009
29775,29775,省博,6,0.9492
29785,29785,魔性,6,0.9708
29787,29787,助阵,6,0.9378
29793,29793,敬请期待,6,0.938
29827,29827,美来,6,0.9729
29880,29880,真幸福,6,0.9765
29979,29979,启蒙,6,0.9444
29982,29982,好几顿,6,0.9425
30005,30005,痊愈,6,0.9044
30031,30031,翻转,6,0.9303
30034,30034,越来越快,6,0.9456
30036,30036,活灵活现,6,0.9399
30041,30041,九宫格,6,0.9448
30064,30064,校区,6,0.9135
30077,30077,兵哥哥,6,0.9803
30089,30089,本尊,6,0.9003
30150,30150,灯火阑珊,6,0.9096
30196,30196,激动人心,6,0.9904
30211,30211,烟雨任,6,0.9464
30221,30221,值回,6,0.9335
30231,30231,加油打气,6,0.9839
30268,30268,朝圣,6,0.9007
30298,30298,公益活动,6,0.9757
30414,30414,悠闲自得,6,0.9711
30463,30463,潜能,6,0.9312
30478,30478,认真负责,6,0.9365
30592,30592,云开日出,6,0.948
30619,30619,玩美,6,0.9521
30637,30637,质量上乘,6,0.9839
30639,30639,英雄气概,6,0.9249
30662,30662,振奋,6,0.927
30668,30668,佳作,6,0.9732
30674,30674,萌主号,6,0.9832
30692,30692,吴磊,6,0.9207
30725,30725,带香,6,0.9169
30737,30737,名城,6,0.9148
30849,30849,古都,6,0.9388
30870,30870,最佳时机,6,0.9431
30891,30891,光芒万丈,6,0.9008
30920,30920,安全卫生,6,0.9091
30935,30935,强有力,6,0.9865
30967,30967,有口皆碑,6,0.9504
30984,30984,强壮,6,0.9014
31017,31017,正品,6,0.9298
31057,31057,所迷,6,0.9423
31082,31082,心暖莘,6,0.9617
31225,31225,静可,5,0.941
31253,31253,硬朗,5,0.9033
31271,31271,要好看,5,0.9253
31283,31283,还会来,5,0.9566
31289,31289,绿植墙,5,0.9179
31292,31292,开心起来,5,0.9618
31364,31364,火遍,5,0.9231
31388,31388,好彩头,5,0.9138
31400,31400,挺萌,5,0.99
31405,31405,变革,5,0.9083
31421,31421,好足,5,0.9533
31422,31422,自由发挥,5,0.9368
31510,31510,人生大事,5,0.9188
31533,31533,别具匠心,5,0.9499
31608,31608,鹿在,5,0.9338
31610,31610,牵动,5,0.9298
31611,31611,蒸好,5,0.9318
31633,31633,大隐于,5,0.9214
31724,31724,愿即,5,0.9473
31737,31737,鸡必,5,0.9374
31773,31773,传奇人物,5,0.9571
31800,31800,正想,5,0.9154
31830,31830,梧桐树,5,0.955
31864,31864,1499,5,0.902
31868,31868,top,5,0.9448
31871,31871,细致入微,5,0.9235
31904,31904,鲜甜嫩,5,0.9215
31918,31918,野性美,5,0.9829
31947,31947,清脆悦耳,5,0.9623
31950,31950,强悍,5,0.9475
31960,31960,最绝,5,0.9265
31967,31967,超群,5,0.9056
32059,32059,实景拍摄,5,0.9362
32063,32063,爽甜,5,0.9372
32068,32068,常来,5,0.9628
32131,32131,繁华都市,5,0.9636
32132,32132,插花,5,0.9315
32143,32143,光彩夺目,5,0.9547
32164,32164,很准,5,0.9478
32266,32266,张杰,5,0.9887
32343,32343,太忙,5,0.9551
32355,32355,好几张,5,0.9345
32384,32384,超香,5,0.9766
32453,32453,比美,5,0.9261
32489,32489,欢迎仪式,5,0.9143
32500,32500,为之动容,5,0.965
32515,32515,所爱,5,0.9541
32525,32525,数字化,5,0.9222
32573,32573,美极,5,0.9573
32588,32588,无可替代,5,0.9415
32595,32595,必喝,5,0.9692
32630,32630,汪洋大海,5,0.9231
32643,32643,安全可靠,5,0.9793
32646,32646,干练,5,0.9031
32698,32698,青春活力,5,0.9759
32787,32787,老客,5,0.9676
32854,32854,书签,5,0.9178
32859,32859,古人云,5,0.9723
32878,32878,爽到,5,0.9507
32886,32886,哥帮,5,0.9128
32922,32922,好香,5,0.96
33041,33041,帅帅,5,0.9596
33058,33058,棒呆,5,0.9835
33206,33206,明晚,5,0.9192
33239,33239,挺棒,5,0.9876
33253,33253,吼吼,5,0.9663
33271,33271,丹霞地貌,5,0.9051
33331,33331,丰碑,5,0.9431
33377,33377,着落,5,0.9258
33381,33381,感性,5,0.9335
33401,33401,工匠,5,0.922
33431,33431,太美丽,5,0.9239
33439,33439,自成一体,5,0.9812
33448,33448,气派非凡,5,0.9875
33456,33456,坚持下去,5,0.9426
33503,33503,挺香,5,0.9323
33530,33530,视觉享受,5,0.962
33680,33680,再接再厉,5,0.9571
33748,33748,看一遍,5,0.9563
33785,33785,声名远播,5,0.9112
33826,33826,温情脉脉,5,0.9292
33877,33877,超超,5,0.9588
33878,33878,犀利,5,0.9193
33888,33888,叠好,5,0.9312
33892,33892,如玉,5,0.9082
33904,33904,酷日,5,0.9299
33920,33920,拍得帅,5,0.9912
33953,33953,驾乘,5,0.9134
33984,33984,拱桥,5,0.9074
33994,33994,rainraingoawaycomeagainsomeotherdaylittiechildrenwanttopiayrainraingoaway,5,0.9879
34078,34078,很静,5,0.9819
34084,34084,世界之最,5,0.9081
34156,34156,凡鹿,5,0.9948
34179,34179,爱现,5,0.9816
34189,34189,来大爱,5,0.9935
34216,34216,美妙绝伦,5,0.9894
34230,34230,CocobayRestaurantCocobayRestaurantCocobayRestaurantCocobayRestaurantCocobayRestaurantCocobayRestaurantCocobayRestaurantCocobayRestaurantCocobayRestaurantCocobayRestaurantCocobayRestaurant,5,0.9977
34286,34286,燃香,5,0.9825
34294,34294,保持良好,5,0.9915
34337,34337,商务会议,5,0.9114
34360,34360,好多遍,5,0.9544
34370,34370,美好幸福,5,0.9928
34403,34403,用心看,5,0.9234
34438,34438,香香甜甜,5,0.9666
34448,34448,林间小道,5,0.9724
34455,34455,解酒,5,0.9045
34458,34458,比较发达,5,0.9072
34534,34534,真爽,5,0.972
34560,34560,逆境,5,0.9288
34616,34616,美丽富饶,5,0.9806
34635,34635,甚美,5,0.9701
34650,34650,爱茶,5,0.9255
34677,34677,文旅好,5,0.9147
34678,34678,旅好,5,0.9345
34703,34703,可抑制,5,0.9086
34705,34705,静置,5,0.9059
34717,34717,修身养性,5,0.9711
34734,34734,强心,5,0.942
34750,34750,精彩演出,5,0.962
34803,34803,母树,5,0.9151
34814,34814,香片,5,0.9432
34958,34958,心飞,4,0.9298
35024,35024,必吃清,4,0.9687
35061,35061,赞带,4,0.987
35073,35073,爱去,4,0.9784
35130,35130,长生,4,0.9558
35171,35171,终极目标,4,0.9619
35174,35174,蛮酷,4,0.9773
35192,35192,历史长河,4,0.9495
35199,35199,圆满成功,4,0.9888
35220,35220,爱到,4,0.9371
35251,35251,兼修,4,0.9459
35257,35257,风美照,4,0.949
35305,35305,变幻无常,4,0.9728
35316,35316,评必,4,0.9678
35343,35343,很撑,4,0.9658
35418,35418,闺蜜选,4,0.914
35451,35451,美让,4,0.9442
35564,35564,超广,4,0.9364
35640,35640,精美绝伦,4,0.9125
35654,35654,心去,4,0.9495
35663,35663,超紧致,4,0.9709
35665,35665,拿稳,4,0.9712
35675,35675,摇曳生姿,4,0.9545
35694,35694,干净利落,4,0.9682
35706,35706,源源不绝,4,0.9043
35729,35729,洁白如玉,4,0.9653
35748,35748,拨好,4,0.9478
35757,35757,即化超,4,0.9365
35786,35786,份儿,4,0.9059
35811,35811,真帅,4,0.9942
35833,35833,信得过,4,0.9835
35881,35881,杰伦,4,0.9017
35896,35896,魅力十足,4,0.9921
35932,35932,叫萌,4,0.9634
35943,35943,轻灵,4,0.9439
35964,35964,亲切友好,4,0.9762
35967,35967,好搭档,4,0.9399
36026,36026,top1,4,0.9728
36042,36042,首旅,4,0.9009
36074,36074,匠心独具,4,0.9293
36089,36089,超多来,4,0.9199
36146,36146,爱是,4,0.9187
36147,36147,出乎意外,4,0.941
36257,36257,五分,4,0.9881
36292,36292,全览,4,0.959
36334,36334,起伏跌宕,4,0.9076
36392,36392,狮子座,4,0.9195
36432,36432,时光流逝,4,0.9014
36469,36469,桑蚕丝,4,0.9132
36477,36477,酥脆可口,4,0.9778
36489,36489,即熟,4,0.9073
36497,36497,至爱,4,0.9795
36504,36504,此鹿,4,0.9233
36523,36523,浮潜看,4,0.9412
36535,36535,歪打正着,4,0.9421
36549,36549,赞爆,4,0.9957
36555,36555,木门,4,0.9364
36582,36582,推来推去,4,0.9393
36644,36644,物产丰富,4,0.967
36648,36648,亮哥,4,0.9088
36663,36663,萌力,4,0.9849
36704,36704,卓越贡献,4,0.9374
36723,36723,我意,4,0.9005
36732,36732,好鲜,4,0.9402
36753,36753,上静静,4,0.9285
36754,36754,话费,4,0.932
36787,36787,努力实现,4,0.9147
36791,36791,超给力,4,0.988
36865,36865,总爱,4,0.955
36890,36890,有范,4,0.9061
36900,36900,爽嫩,4,0.9696
36947,36947,岛爱上,4,0.9918
36949,36949,立志,4,0.9443
36954,36954,令人感动,4,0.9963
36957,36957,岁月如梭,4,0.9565
36959,36959,不见不散,4,0.9408
36982,36982,下周,4,0.9179
36991,36991,够快,4,0.968
37015,37015,令人羡慕,4,0.9518
37031,37031,绚丽多姿,4,0.9164
37034,37034,学姐,4,0.9279
37037,37037,展望,4,0.9321
37085,37085,精心制作,4,0.9118
37130,37130,小王子,4,0.9433
37154,37154,宋庆龄故居,4,0.9702
37175,37175,哥带,4,0.9019
37207,37207,最牛,4,0.922
37232,37232,令人满意,4,0.9279
37243,37243,性强,4,0.913
37287,37287,最喜,4,0.9052
37309,37309,很多遍,4,0.9477
37382,37382,购娱,4,0.9012
37441,37441,榜样,4,0.9741
37483,37483,母校,4,0.9679
37484,37484,风雨兼程,4,0.9525
37498,37498,外观设计,4,0.9061
37574,37574,勤劳勇敢,4,0.9435
37586,37586,太帅,4,0.996
37625,37625,久别重逢,4,0.9686
37648,37648,园林城市,4,0.9789
37712,37712,第二代,4,0.9099
37718,37718,安然无恙,4,0.924
37793,37793,挺好用,4,0.9522
37838,37838,轻巧,4,0.978
37845,37845,光芒四射,4,0.9569
37874,37874,陈伟霆,4,0.9324
37875,37875,挺酷,4,0.9794
37880,37880,大寿,4,0.9215
37934,37934,官宣,4,0.9449
38013,38013,经典台词,4,0.97
38102,38102,攒动,4,0.935
38123,38123,喜气,4,0.9061
38149,38149,拥美到,4,0.9531
38267,38267,必买,4,0.959
38272,38272,雅漾,4,0.9066
38281,38281,正哥,4,0.9648
38392,38392,繁荣富强,4,0.946
38409,38409,爽过,4,0.944
38416,38416,取好,4,0.9039
38533,38533,转好,4,0.9098
38702,38702,敏捷地,4,0.9002
38759,38759,很灵,4,0.9832
38764,38764,人生如梦,4,0.9708
38799,38799,形之美,4,0.9696
38866,38866,无数遍,4,0.9502
38897,38897,超多萌,4,0.9904
38905,38905,超美是,4,0.9807
38957,38957,生态园林,4,0.9493
38958,38958,美多,4,0.933
39085,39085,贴近生活,4,0.9812
39087,39087,好羡慕,4,0.9852
39163,39163,坚定信念,4,0.9728
39175,39175,闺蜜情,4,0.9114
39191,39191,经风雨,4,0.9019
39212,39212,国防,4,0.9336
39213,39213,减压,4,0.9697
39226,39226,余韵,4,0.9099
39295,39295,这正合,4,0.9627
39344,39344,父爱,4,0.9117
39361,39361,静下心,4,0.9268
39412,39412,很美得,4,0.9792
39414,39414,可真美,4,0.9765
39439,39439,赞赞,4,0.9618
39470,39470,山光水色,4,0.9186
39530,39530,富有诗意,4,0.933
39533,39533,咱家,4,0.9174
39535,39535,设备齐全,4,0.9317
39594,39594,合在一起,4,0.9339
39595,39595,处女座,4,0.9088
39596,39596,美去,4,0.9741
39599,39599,好片,4,0.9651
39616,39616,画面感,4,0.9251
39637,39637,受宠若惊,4,0.9751
39665,39665,静一动,4,0.905
39667,39667,萌趣,4,0.9493
39818,39818,长期有效,4,0.9327
39916,39916,精确,4,0.9254
39963,39963,甚暖,4,0.9625
39976,39976,田园生活,4,0.9352
40041,40041,热情奔放,4,0.905
40067,40067,大年,4,0.9006
40076,40076,icon,4,0.9895
40125,40125,针对性,4,0.937
40171,40171,新潮流,4,0.9143
40183,40183,美艳,4,0.9231
40310,40310,酸碱值,4,0.9556
40406,40406,逆天,3,0.9282
40527,40527,粒萌,3,0.9802
40535,40535,年入,3,0.9108
40598,40598,下个月,3,0.9306
40605,40605,深爱,3,0.9744
40704,40704,408,3,0.9328
40725,40725,王老师,3,0.9193
40726,40726,好泳镜,3,0.9192
40735,40735,达到最佳,3,0.9398
40750,40750,萌宝,3,0.9772
40780,40780,树吊瓜树,3,0.9557
40827,40827,佛赞,3,0.9907
40842,40842,名萌,3,0.9698
40901,40901,眼泪汪汪,3,0.9628
41001,41001,网红博主,3,0.9592
41010,41010,心海棠,3,0.9821
41030,41030,双阳台,3,0.9503
41043,41043,糯好,3,0.9494
41054,41054,最烈,3,0.9386
41085,41085,赞哟,3,0.9911
41113,41113,优酸乳,3,0.9383
41153,41153,历年来,3,0.9453
41198,41198,庆典活动,3,0.9309
41208,41208,Good,3,0.9204
41219,41219,整齐有序,3,0.9781
41344,41344,酷帅,3,0.9979
41360,41360,好极,3,0.9677
41391,41391,很美去,3,0.9908
41422,41422,深有感触,3,0.959
41426,41426,广阔天地,3,0.9093
41439,41439,鹿鹿,3,0.9954
41457,41457,本鹿来,3,0.9501
41463,41463,很勤,3,0.9028
41488,41488,梦想家,3,0.9672
41509,41509,最鲜,3,0.9153
41536,41536,地守护,3,0.9542
41576,41576,石破天惊,3,0.9269
41598,41598,之正,3,0.907
41603,41603,辣爽,3,0.9632
41627,41627,特好,3,0.9588
41628,41628,一步到位,3,0.9688
41631,41631,组美照,3,0.9848
41671,41671,耐看,3,0.9803
41673,41673,优良传统,3,0.9672
41688,41688,哈哈笑,3,0.971
41691,41691,特爱,3,0.9861
41728,41728,超蓝,3,0.9682
41738,41738,常听,3,0.9078
41803,41803,福至心灵,3,0.9469
41878,41878,小学老师,3,0.952
41885,41885,敲美,3,0.951
41899,41899,热烈奔放,3,0.9049
41901,41901,有鹿,3,0.9647
41921,41921,店磨萌,3,0.912
41949,41949,暖阳照,3,0.9422
41954,41954,很来,3,0.9054
41986,41986,指导老师,3,0.9418
41999,41999,超仙,3,0.9419
42011,42011,耐用,3,0.9752
42014,42014,帅要,3,0.9735
42061,42061,还会用,3,0.9189
42124,42124,必是,3,0.9416
42167,42167,来去自由,3,0.9748
42181,42181,白头偕老,3,0.9229
42334,42334,康复中心,3,0.9433
42340,42340,香鲜,3,0.934
42385,42385,香酥可口,3,0.946
42551,42551,美妆香氛,3,0.9185
42576,42576,很佳,3,0.9558
42578,42578,有多爽,3,0.9565
42602,42602,有范儿,3,0.9146
42646,42646,安安,3,0.9036
42773,42773,音乐演奏,3,0.9342
42781,42781,很爱去,3,0.9925
42794,42794,可心,3,0.9057
42806,42806,生日会,3,0.9129
42877,42877,趁此机会,3,0.9021
42931,42931,线条美,3,0.9815
42948,42948,幸运之神,3,0.9677
42963,42963,风景迷人,3,0.9845
43040,43040,原生植物,3,0.9442
43073,43073,付诸行动,3,0.932
43144,43144,那必,3,0.9336
43174,43174,赞会,3,0.9859
43277,43277,很巴适,3,0.9799
43282,43282,正给,3,0.9079
43309,43309,好門票,3,0.9057
43317,43317,情鹿,3,0.9686
43391,43391,万众瞩目,3,0.9302
43404,43404,天衣无缝,3,0.9373
43416,43416,太萌,3,0.9415
43417,43417,挺足,3,0.9167
43424,43424,心甘情愿,3,0.9685
43433,43433,km,3,0.9034
43462,43462,甚好,3,0.9372
43488,43488,越快,3,0.9222
43504,43504,粉好,3,0.9466
43519,43519,很不舍,3,0.9843
43536,43536,蜜好,3,0.9167
43554,43554,大好时光,3,0.9485
43614,43614,大力支持,3,0.9908
43637,43637,深厚感情,3,0.9814
43684,43684,二郎腿,3,0.9304
43693,43693,撑好,3,0.9685
43696,43696,VS,3,0.9038
43717,43717,一展身手,3,0.9437
43783,43783,沉迷,3,0.9117
43793,43793,嘿嘿嘿,3,0.9273
43820,43820,换算,3,0.9478
43897,43897,High,3,0.9392
43908,43908,风情画,3,0.9216
43948,43948,多爽,3,0.9598
43950,43950,写写画画,3,0.9768
43972,43972,家装,3,0.9216
43987,43987,很美有,3,0.9829
44080,44080,皮实,3,0.9716
44086,44086,必吃店,3,0.9642
44091,44091,言表,3,0.9283
44114,44114,越美,3,0.9781
44190,44190,好撑,3,0.9678
44202,44202,影迷,3,0.9563
44227,44227,顶得住,3,0.913
44375,44375,观光胜地,3,0.9138
44377,44377,主题曲,3,0.9059
44378,44378,保卫祖国,3,0.9309
44407,44407,山好,3,0.9535
44451,44451,跌宕,3,0.9086
44529,44529,高亢,3,0.9286
44564,44564,自得,3,0.9325
44623,44623,取好车,3,0.9683
44625,44625,共存,3,0.9255
44634,44634,健健康康,3,0.9358
44702,44702,一静,3,0.949
44745,44745,令人激动,3,0.9905
44764,44764,岁月流逝,3,0.9172
44829,44829,落泪,3,0.9249
44858,44858,吉普,3,0.9111
44880,44880,阿华带,3,0.95
44890,44890,更有意义,3,0.922
44903,44903,早睡早起,3,0.9332
44938,44938,冰峰,3,0.9332
44973,44973,人生目标,3,0.9872
44997,44997,用爽,3,0.959
45018,45018,英国女王,3,0.9164
45148,45148,保持一致,3,0.9674
45170,45170,革命战争,3,0.9352
45179,45179,重生,3,0.9061
45272,45272,车快,3,0.9003
45328,45328,绝活,3,0.9017
45335,45335,翘楚,3,0.956
45395,45395,送礼物,3,0.9452
45423,45423,有福,3,0.9606
45458,45458,出美照,3,0.9276
45489,45489,冥冥中,3,0.9064
45563,45563,溢美之词,3,0.9647
45617,45617,挺顺,3,0.9517
45646,45646,凡到,3,0.9191
45665,45665,妩媚动人,3,0.9884
45698,45698,稳着,3,0.9455
45810,45810,身怀绝技,3,0.9226
45866,45866,出美图,3,0.9371
45907,45907,馋猫,3,0.93
45917,45917,心来,3,0.9439
45964,45964,香车美人,3,0.9314
46004,46004,得美,3,0.9568
46019,46019,可操作性,3,0.9305
46107,46107,永葆青春,3,0.9804
46114,46114,李易峰,3,0.9671
46127,46127,无憾,3,0.9514
46133,46133,恍如隔世,3,0.9414
46162,46162,Anywayyouarebest,3,0.9526
46224,46224,追随着,3,0.9547
46236,46236,郑恺,3,0.9253
46240,46240,以爱,3,0.9221
46242,46242,魅力四射,3,0.9525
46245,46245,必会,3,0.9629
46269,46269,必胜,3,0.9369
46321,46321,毛泽东故居,3,0.9725
46335,46335,羊城,3,0.9151
46420,46420,帅小伙,3,0.9861
46426,46426,永远快乐,3,0.9845
46436,46436,美好心愿,3,0.9599
46440,46440,图腾崇拜,3,0.9108
46454,46454,青春年华,3,0.9601
46479,46479,爽而,3,0.9145
46518,46518,烛台,3,0.95
46520,46520,历史剧,3,0.9369
46539,46539,雨花台,3,0.9104
46551,46551,曲风,3,0.9092
46610,46610,个赞,3,0.9881
46664,46664,藤颜值,3,0.9733
46671,46671,技艺高超,3,0.9587
46679,46679,底气十足,3,0.9734
46685,46685,集福,3,0.9604
46689,46689,巨好,3,0.9384
46741,46741,稳后,3,0.9207
46769,46769,萍萍姐,3,0.9604
46781,46781,最爱之处,3,0.9287
46803,46803,1399,3,0.9139
46804,46804,世界名牌,3,0.9558
46809,46809,苏州园林,3,0.9622
46960,46960,雨中,3,0.9315
46991,46991,超赞滴,3,0.9896
47080,47080,好吃好喝,3,0.9717
47201,47201,授课,3,0.9327
47223,47223,游好,3,0.9126
47252,47252,小鬼,3,0.9271
47362,47362,鹿高,3,0.9664
47435,47435,首字,3,0.9061
47464,47464,马力,3,0.9168
47489,47489,爱豆,3,0.9488
47492,47492,升旗仪式,3,0.978
47531,47531,停稳,3,0.9813
47535,47535,伟大祖国,3,0.992
47573,47573,音乐舞蹈,3,0.9678
47622,47622,云盆友,3,0.9385
47624,47624,史诗,3,0.9603
47639,47639,投票,3,0.925
47651,47651,美好事物,3,0.9354
47694,47694,强项,3,0.9062
47803,47803,栋梁,3,0.9181
47827,47827,相互辉映,3,0.9368
47850,47850,yu,3,0.9619
47851,47851,溢香,3,0.902
47874,47874,追梦,3,0.9222
47898,47898,蹦蹦跳跳,3,0.904
47919,47919,洁白无瑕,3,0.9497
47928,47928,生活化,3,0.9461
47943,47943,很劲,3,0.9257
47951,47951,绝赞,3,0.9817
47980,47980,精彩绝伦,3,0.9619
48102,48102,雪域,3,0.9594
48104,48104,经济收益,3,0.9136
48153,48153,肉桂,3,0.9313
48178,48178,提供方便,3,0.9309
48196,48196,荡起,3,0.9126
48306,48306,运河,3,0.9393
48360,48360,音乐剧,3,0.9635
48363,48363,振奋精神,3,0.9711
48463,48463,粉墙黛瓦,3,0.9334
48577,48577,斑和乐蟹,3,0.9197
48593,48593,精良,3,0.9637
48694,48694,北京故宫,3,0.9757
48700,48700,博客,3,0.935
48708,48708,正爽,3,0.9851
48759,48759,外挂,3,0.9589
48793,48793,三丫三丫即,2,0.9033
48839,48839,文思敏捷,2,0.9643
48868,48868,占有优势,2,0.937
48973,48973,拂遍,2,0.9633
48982,48982,很轻,2,0.9008
48992,48992,有首,2,0.9108
48996,48996,看美,2,0.9771
49094,49094,萌呆萌,2,0.9972
49134,49134,好爱自,2,0.9462
49181,49181,必园,2,0.9163
49272,49272,WyndhamGrandPlaza,2,0.9211
49298,49298,万丈光芒,2,0.9889
49308,49308,人必,2,0.9492
49318,49318,肉铺,2,0.9149
49362,49362,角色扮演,2,0.956
49373,49373,满星,2,0.9665
49383,49383,店萌,2,0.9637
49417,49417,NICE1,2,0.9718
49484,49484,爽哇,2,0.972
49496,49496,面呆萌,2,0.9619
49498,49498,爱美丽,2,0.9957
49676,49676,巩固国防,2,0.9295
49754,49754,线爱,2,0.9505
49761,49761,必买必,2,0.9687
49764,49764,上必,2,0.9644
49858,49858,餐必,2,0.967
49886,49886,免费电影,2,0.9356
49898,49898,弹颜值,2,0.9787
49926,49926,现捉现,2,0.9091
49931,49931,艺术美,2,0.9602
49959,49959,英俊潇洒,2,0.9735
49979,49979,香煎鹅肝,2,0.9598
50014,50014,美上,2,0.9406
50030,50030,美食天地,2,0.9219
50032,50032,住在一起,2,0.9495
50104,50104,必等,2,0.9485
50106,50106,燃红,2,0.9564
50128,50128,棒光,2,0.9706
50132,50132,超好且,2,0.9547
50162,50162,很广有,2,0.911
50185,50185,红蓝宝石,2,0.9305
50199,50199,墨尔本,2,0.9214
50201,50201,诗愿,2,0.9318
50326,50326,坚固耐用,2,0.9952
50407,50407,浸鹿,2,0.9332
50422,50422,线性,2,0.9047
50442,50442,爆红于,2,0.9103
50461,50461,完美无缺,2,0.905
50470,50470,眼眶里,2,0.9221
50485,50485,唱功,2,0.9132
50500,50500,完全正确,2,0.9056
50503,50503,感选好,2,0.9147
50549,50549,胜于蓝,2,0.9553
50554,50554,美过,2,0.9353
50582,50582,猛夸,2,0.9157
50610,50610,真爱粉,2,0.9517
50611,50611,搭好,2,0.9358
50622,50622,很美滴,2,0.9876
50643,50643,赞到,2,0.9824
50691,50691,里静静,2,0.9363
50723,50723,鹿初,2,0.9435
50724,50724,心和鹿,2,0.9898
50746,50746,博主多,2,0.9105
50789,50789,鹿一,2,0.946
50808,50808,nice1,2,0.9813
50816,50816,很入,2,0.9419
50902,50902,爱水爱,2,0.9831
50925,50925,更美到,2,0.9226
50952,50952,大好机会,2,0.9244
51007,51007,倍增,2,0.9652
51106,51106,唱起歌,2,0.9111
51120,51120,爽翻,2,0.971
51271,51271,美用,2,0.9572
51282,51282,快去,2,0.9093
51287,51287,均匀分布,2,0.9186
51323,51323,吞口水,2,0.9449
51328,51328,尚美,2,0.9447
51438,51438,博主用,2,0.9335
51455,51455,人爱,2,0.9425
51461,51461,深受感动,2,0.9981
51511,51511,值加分,2,0.9673
51522,51522,舞台效果,2,0.9069
51563,51563,现实生活,2,0.932
51581,51581,LoeweMaxMaraPradaMiumiu,2,0.9046
51620,51620,开山鼻祖,2,0.989
51643,51643,训练有素,2,0.9043
51738,51738,树高约,2,0.921
51776,51776,鲜中带,2,0.9051
51800,51800,迷倒,2,0.9109
51803,51803,但私,2,0.9518
51860,51860,强颜欢笑,2,0.9137
51885,51885,钢琴演奏,2,0.9073
51901,51901,文艺表演,2,0.9402
51912,51912,以待,2,0.9155
51933,51933,入营,2,0.9016
51939,51939,心一觉,2,0.9397
51947,51947,宝树,2,0.9123
51954,51954,BucketKingdomFamilySet,2,0.9577
51969,51969,超萌力,2,0.9961
52009,52009,香美人,2,0.9648
52016,52016,大忙,2,0.9365
52036,52036,风光明媚,2,0.9246
52069,52069,美好未来,2,0.9829
52088,52088,树汁,2,0.9109
52121,52121,人生哲理,2,0.9634
52137,52137,赞上,2,0.9823
52163,52163,来去自如,2,0.9821
52165,52165,糯粉,2,0.9108
52200,52200,秀秀,2,0.9142
52220,52220,个私,2,0.9634
52232,52232,选好车,2,0.9627
52284,52284,私护品,2,0.939
52317,52317,遍去,2,0.954
52329,52329,美哭,2,0.9727
52341,52341,赞饼,2,0.9745
52345,52345,爆屏,2,0.9118
52405,52405,经久不散,2,0.989
52444,52444,驾控,2,0.9395
52455,52455,遍赏,2,0.9353
52479,52479,令爱,2,0.9305
52518,52518,会爽,2,0.9559
52537,52537,疯够,2,0.9366
52544,52544,好旷阔,2,0.9051
52549,52549,祖传秘方,2,0.9579
52585,52585,有缘分,2,0.972
52595,52595,很劲道,2,0.9528
52644,52644,糯鲜香,2,0.9242
52658,52658,互相照顾,2,0.9162
52755,52755,身强力壮,2,0.9841
52794,52794,七萌团,2,0.9712
52829,52829,超燃,2,0.9888
52876,52876,浑沦吞枣,2,0.9139
52882,52882,车巧,2,0.9281
52926,52926,赞它,2,0.9797
52940,52940,香有入,2,0.9403
52941,52941,够香,2,0.9516
52996,52996,美看,2,0.976
52997,52997,可香,2,0.9021
53041,53041,石班爽,2,0.9623
53048,53048,我必,2,0.9679
53052,53052,耍帅,2,0.9695
53123,53123,磁性,2,0.942
53148,53148,小天使,2,0.9291
53196,53196,力推,2,0.9011
53240,53240,很艳,2,0.9205
53281,53281,巧姐,2,0.9639
53285,53285,千丝万缕,2,0.9051
53323,53323,学成,2,0.9025
53383,53383,亲亲的,2,0.9233
53391,53391,背好,2,0.908
53403,53403,富士山,2,0.9447
53424,53424,常伴,2,0.9221
53460,53460,从小红,2,0.9481
53584,53584,boy,2,0.9673
53720,53720,笑看人生,2,0.9686
53829,53829,娜娜,2,0.9517
53841,53841,0000,2,0.94
53873,53873,心大,2,0.9312
53906,53906,多彩多姿,2,0.9239
53934,53934,萌到,2,0.9601
53939,53939,至美,2,0.9601
53978,53978,美下,2,0.9138
54026,54026,好娃娃,2,0.9073
54114,54114,太暖心,2,0.9596
54127,54127,蛮帅,2,0.9945
54137,54137,全木质,2,0.9222
54147,54147,博主说,2,0.9239
54173,54173,幅员辽阔,2,0.9251
54180,54180,变得坚韧,2,0.9193
54297,54297,流去,2,0.9252
54557,54557,巨作,2,0.9123
54617,54617,钩钩,2,0.903
54644,54644,激发起,2,0.9187
54705,54705,声名,2,0.9021
54758,54758,真值,2,0.9552
54804,54804,藏龙卧虎,2,0.9157
54846,54846,欢迎光临,2,0.9195
54862,54862,第三季,2,0.9496
54885,54885,爽心悦目,2,0.9806
54893,54893,精神振奋,2,0.9789
54899,54899,游一游,2,0.9053
54924,54924,不断丰富,2,0.9408
54935,54935,新民主主义革命,2,0.9358
54968,54968,凡经,2,0.9419
55002,55002,互诉,2,0.925
55004,55004,二手房,2,0.9401
55013,55013,很美人,2,0.9616
55032,55032,越顺,2,0.9388
55048,55048,衷心感谢,2,0.9652
55061,55061,满意哦,2,0.9791
55095,55095,张老师,2,0.9374
55138,55138,最大值,2,0.9322
55150,55150,穿戴整齐,2,0.9208
55171,55171,巨棒,2,0.923
55192,55192,励志,2,0.9353
55240,55240,wow,2,0.9305
55252,55252,我帅,2,0.9915
55268,55268,敬礼,2,0.9791
55285,55285,很飒,2,0.9275
55289,55289,稳定下来,2,0.9086
55318,55318,风景园林,2,0.9519
55326,55326,中国人民解放战争,2,0.9086
55336,55336,机会难得,2,0.9576
55449,55449,姜文,2,0.9231
55478,55478,所览,2,0.9197
55536,55536,有型,2,0.9313
55579,55579,爽字,2,0.959
55580,55580,白马王子,2,0.9034
55586,55586,熊熊燃烧,2,0.9503
55730,55730,爆笑,2,0.9523
55776,55776,迅猛,2,0.9667
55822,55822,家庭幸福,2,0.988
55830,55830,喝遍,2,0.9439
55841,55841,浮潜大,2,0.9292
55893,55893,特长,2,0.9262
55906,55906,恰恰好,2,0.9327
55931,55931,记起,2,0.9275
56064,56064,感谢您,2,0.9247
56082,56082,小方小方,2,0.9786
56086,56086,一撑,2,0.9058
56287,56287,新馆,2,0.9533
56300,56300,熟悉起来,2,0.9049
56353,56353,熟门熟路,2,0.9684
56358,56358,车览,2,0.9382
56372,56372,便利商店,2,0.9286
56471,56471,巧厨,2,0.9269
56518,56518,感人事迹,2,0.9534
56525,56525,祖国各地,2,0.9177
56581,56581,补习,2,0.9743
56618,56618,中必带,2,0.9734
56641,56641,严控,2,0.9084
56682,56682,香快,2,0.9712
56696,56696,很美菜,2,0.9763
56770,56770,穷游带,2,0.9099
56786,56786,景好,2,0.9005
56787,56787,好张,2,0.9227
56805,56805,好清,2,0.9262
56816,56816,和蔼可亲,2,0.9067
56869,56869,展望未来,2,0.9847
56871,56871,作美过,2,0.9447
57026,57026,peaceandlove,2,0.9963
57100,57100,迷得,2,0.9319
57292,57292,区萌,2,0.9629
57373,57373,号泊,2,0.9137
57609,57609,趁有光,2,0.9093
57622,57622,忍爱,2,0.9422
57711,57711,笑容满面,2,0.9354
57739,57739,新雨后,2,0.9003
57740,57740,感恩戴德,2,0.9076
57771,57771,携香,2,0.9384
57959,57959,超美得,2,0.9868
58006,58006,英语老师,2,0.9438
58046,58046,床正,2,0.906
58115,58115,年年有余,2,0.9127
58157,58157,说太忙,2,0.9397
58184,58184,蒙古包,2,0.909
58224,58224,面向世界,2,0.9289
58296,58296,箭毒,2,0.9025
58300,58300,英雄人物,2,0.9249
58304,58304,历史舞台,2,0.9599
58309,58309,之而后快,2,0.9129
58359,58359,强撑,2,0.9515
58405,58405,Youknowthepastthingscouldsetmefree,2,0.9863
58408,58408,SurfergirlsurfergirlWecouldridethesurftogetherWhileourlovewouldgrowInmyWoodyIwouldtakeyoueverywhereIgo,2,0.9977
58418,58418,比爱,2,0.93
58434,58434,不忘清,2,0.9403
58444,58444,人生道路,2,0.9144
58445,58445,实现目标,2,0.9704
58446,58446,追求幸福,2,0.9499
58447,58447,戏虐,2,0.9027
58455,58455,小巧玲珑,2,0.9839
58463,58463,来省,2,0.9096
58474,58474,情美,2,0.9698
58519,58519,赞椰,2,0.9809
58618,58618,海汽快,2,0.9041
58647,58647,必玩去,2,0.97
58658,58658,范例奖,2,0.9207
58667,58667,赞为,2,0.9718
58674,58674,快撑,2,0.9628
58729,58729,还会教,2,0.9323
58750,58750,曾来,2,0.9194
58755,58755,满腔热血,2,0.9793
58762,58762,谢意,2,0.9294
58876,58876,青豆,2,0.9067
58903,58903,开足马力,2,0.9425
58909,58909,风雨交加,2,0.9013
58956,58956,侵华日军,2,0.9438
59022,59022,热烈欢迎,2,0.9575
59093,59093,裸子植物,2,0.9035
59111,59111,美说,2,0.9603
59121,59121,经典歌曲,2,0.9779
59150,59150,送爽,2,0.9718
59160,59160,满面春风,2,0.9134
59244,59244,好几米,2,0.9099
59260,59260,非常高兴,2,0.9506
59322,59322,迷即,2,0.9777
59349,59349,春风满面,2,0.9052
59423,59423,波澜万丈,2,0.9297
59427,59427,活泼地,2,0.9201
59466,59466,珍馐美味,2,0.9675
59471,59471,萌翻,2,0.9771
59511,59511,渐入佳境,2,0.9524
59522,59522,香客,2,0.9052
59526,59526,沟通交流,2,0.9082
59541,59541,好起,2,0.9014
59633,59633,生命安全,2,0.9043
59643,59643,最虐,2,0.9354
59725,59725,生日歌,2,0.9415
59805,59805,浮潜去,2,0.9448
59874,59874,驱不散,2,0.9755
59892,59892,撩起来,2,0.9534
59942,59942,弹超,2,0.911
59946,59946,心魂,2,0.9717
59957,59957,岛正,2,0.9324
59958,59958,超棒滴,2,0.9945
59973,59973,梦好,2,0.9819
60030,60030,年轻漂亮,2,0.9763
60054,60054,最暖心,2,0.9928
60067,60067,稳定平衡,2,0.9644
60155,60155,永垂不朽,2,0.922
60198,60198,摇曳多姿,2,0.9368
60208,60208,吃爽,2,0.9555
60232,60232,人世,2,0.9254
60272,60272,非常热心,2,0.9726
60287,60287,横空出世,2,0.9022
60316,60316,蛮爽,2,0.9749
60332,60332,蒸蒸日上,2,0.9394
60363,60363,特美,2,0.9495
60371,60371,挺爽,2,0.9773
60493,60493,优衣库,2,0.9063
60575,60575,一炷香,2,0.9145
60594,60594,Perfect,2,0.9107
60597,60597,心灵手巧,2,0.9393
60649,60649,楚楚动人,2,0.9492
60680,60680,新汁源,2,0.9436
60764,60764,舒适安逸,2,0.9886
60765,60765,各有特点,2,0.9048
60813,60813,宝姐姐,2,0.913
60824,60824,之箭,2,0.9218
60841,60841,立夏,2,0.942
60862,60862,大学老师,2,0.9008
60887,60887,可快,2,0.9219
60950,60950,长期共存,2,0.9667
60962,60962,厦大,2,0.9247
61093,61093,上私,2,0.9659
61168,61168,最省,2,0.9242
61196,61196,拿奖,2,0.9061
61265,61265,本本分分,2,0.9017
61303,61303,很妙,2,0.9161
61333,61333,鸡文南,2,0.9189
61411,61411,字值,2,0.9288
61436,61436,虽不舍,2,0.9352
61438,61438,健康成长,2,0.9425
61464,61464,感觉良好,2,0.9648
61535,61535,中快,2,0.9276
61559,61559,深陷,2,0.9018
61563,61563,白雪公主,2,0.9163
61699,61699,似懂非懂,2,0.9054
61755,61755,特别喜爱,2,0.9851
61862,61862,爱家,2,0.9583
61863,61863,中湿身,2,0.9132
61923,61923,精诚合作,2,0.9314
61983,61983,感极强,2,0.9206
62026,62026,婚礼庆典,2,0.9225
62072,62072,心领神会,2,0.9149
62087,62087,性格外向,2,0.9098
62098,62098,拾起来,2,0.9149
62167,62167,撰书,2,0.9053
62221,62221,表示感谢,2,0.9397
62374,62374,品萌,2,0.9896
62390,62390,经典之作,2,0.9729
62391,62391,很足棠,2,0.9434
62432,62432,信仰自由,2,0.9926
62481,62481,颠巴好,2,0.9147
62521,62521,科举制度,2,0.9019
62572,62572,初恋,2,0.9587
62592,62592,值学,2,0.9331
62670,62670,字撑,2,0.9114
62745,62745,控必,2,0.988
62750,62750,萌且,2,0.9527
62769,62769,互扶,2,0.9536
62785,62785,无人不晓,2,0.9184
62823,62823,勤奋好学,2,0.9147
62867,62867,不枉来,2,0.9127
62881,62881,最爱后,2,0.9559
62889,62889,必赏,2,0.9663
62894,62894,极美极,2,0.9447
63011,63011,长足,2,0.9059
63055,63055,江湖梦,2,0.9809
63116,63116,馅香,2,0.9229
63192,63192,陪你走,2,0.942
63254,63254,光箭,2,0.9302
63278,63278,绿植中,2,0.9156
63300,63300,凯凯,2,0.9722
63308,63308,厨好味,2,0.9631
63309,63309,网红萌,2,0.9825
63378,63378,口服,2,0.9244
63416,63416,跨越国界,2,0.9072
63425,63425,趣味十足,2,0.9535
63430,63430,粉超,2,0.9182
63436,63436,最炫酷,2,0.964
63459,63459,妩媚多姿,2,0.9389
63504,63504,很美水,2,0.9408
63514,63514,人爱上,2,0.983
63526,63526,既定目标,2,0.9315
63540,63540,带双,2,0.9024
63576,63576,藤本植物,2,0.9419
63596,63596,花店,2,0.9252
63639,63639,物质刺激,2,0.9557
63648,63648,抑制作用,2,0.9291
63657,63657,思考力,2,0.9176
63798,63798,守正,2,0.938
63799,63799,穿透力,2,0.92
63810,63810,山高约,2,0.9079
63861,63861,从容不迫,2,0.9191
63898,63898,带娃宅,2,0.9337
63909,63909,平实,2,0.949
63913,63913,含香,2,0.9125
63957,63957,娓娓动听,2,0.9738
64276,64276,宝剑,2,0.9161
64313,64313,好几百年,2,0.9107
64365,64365,宠粉,2,0.9517
64378,64378,气质佳,2,0.9756
64393,64393,国子监,2,0.9132
64417,64417,装备齐全,2,0.9135
64462,64462,老好,2,0.9542
64581,64581,性格开朗,2,0.9519
64596,64596,和平相处,2,0.9426
64642,64642,持久力,2,0.9565
64681,64681,happyhour,2,0.9104
64692,64692,十星,2,0.9536
64763,64763,豆科植物,2,0.9093
64815,64815,赏醉美,2,0.9743
64817,64817,聪明智慧,2,0.9941
64975,64975,经典电影,2,0.9911
64985,64985,刺激作用,2,0.9325
64994,64994,飞常准,2,0.9323
65087,65087,从博主,2,0.9602
65198,65198,家居用品,2,0.9114
65211,65211,AR,2,0.9084
65290,65290,心梦,2,0.9885
65328,65328,茶迷,2,0.9377
65415,65415,购海控,2,0.9052
65441,65441,搜遍,2,0.9778
65445,65445,领先地位,2,0.9334
65468,65468,明孝陵,2,0.957
65478,65478,阿凡达,2,0.9208
65653,65653,赞皇,2,0.9899
65704,65704,新颖别致,2,0.9828
65747,65747,爱逛,2,0.9506
65810,65810,MUJI,2,0.9086
65820,65820,专研于,2,0.909
65877,65877,IMAX,2,0.9873
65908,65908,符合国际,2,0.9058
65959,65959,一枝春,2,0.9019
66001,66001,纸画,1,0.9143
66075,66075,阖眼,1,0.9116
66179,66179,FENDIBURBERRYGUCCI,1,0.9279
66205,66205,畅玩有,1,0.9266
66238,66238,必吃手,1,0.9612
66259,66259,亚湾必,1,0.9793
66274,66274,至高无上,1,0.9184
66343,66343,来丽思,1,0.9303
66372,66372,TAT,1,0.944
66373,66373,好哟,1,0.947
66468,66468,萌暖萌,1,0.9991
66484,66484,打鹿,1,0.9351
66495,66495,必拍,1,0.9638
66498,66498,离萌,1,0.965
66535,66535,喜静,1,0.9725
66552,66552,爱爆,1,0.9901
66553,66553,美炸,1,0.9216
66556,66556,赞海,1,0.9828
66560,66560,萌爸,1,0.9888
66561,66561,带萌宝,1,0.9809
66565,66565,爽爆,1,0.9891
66569,66569,萌宝住,1,0.9767
66582,66582,湿哒,1,0.9539
66586,66586,会美,1,0.9598
66589,66589,即现,1,0.9369
66648,66648,立稳,1,0.9492
66731,66731,爱萌,1,0.9978
66732,66732,十七岁,1,0.9667
66739,66739,网红必,1,0.9727
66754,66754,必涂,1,0.9405
66760,66760,美少年,1,0.9447
66779,66779,好妆来,1,0.9301
66797,66797,洋洋得意,1,0.9671
66809,66809,精妙绝伦,1,0.9044
66839,66839,合为一体,1,0.9072
66957,66957,静如处子,1,0.9307
66965,66965,很旺来,1,0.9574
67046,67046,酷到,1,0.9381
67087,67087,鲜香绝,1,0.9545
67110,67110,榜之首,1,0.9808
67116,67116,最爱藜,1,0.9738
67117,67117,菜颜值,1,0.9539
67152,67152,完美无瑕,1,0.9367
67166,67166,必染,1,0.9666
67169,67169,超赞酸,1,0.9242
67172,67172,最靓眼,1,0.9662
67176,67176,控看,1,0.9036
67190,67190,很适,1,0.9
67218,67218,必尝菜,1,0.9474
67231,67231,游闺蜜游,1,0.9066
67255,67255,村萌,1,0.9596
67264,67264,问椰梦,1,0.904
67268,67268,好味林姐,1,0.9469
67285,67285,全一绝,1,0.9001
67306,67306,美食佳肴,1,0.9453
67334,67334,剪好,1,0.9059
67367,67367,美快,1,0.9898
67390,67390,度颜值,1,0.9397
67402,67402,必尝萌,1,0.9968
67410,67410,有美,1,0.9641
67426,67426,留恋不舍,1,0.9694
67436,67436,鸡必来,1,0.954
67461,67461,书画名家,1,0.9204
67481,67481,购好,1,0.9307
67497,67497,偏方,1,0.9035
67572,67572,书画作品,1,0.9542
67578,67578,无以伦比,1,0.9243
67585,67585,椰青萌,1,0.9926
67586,67586,必刷,1,0.9507
67608,67608,桌必,1,0.9324
67611,67611,爽呆了,1,0.9733
67620,67620,必秤,1,0.9356
67753,67753,既爱,1,0.9571
67790,67790,山即,1,0.9384
67988,67988,五颗,1,0.9645
68006,68006,亲笔签名,1,0.9577
68032,68032,鲜字鲜,1,0.9074
68139,68139,早都值,1,0.9502
68196,68196,之美看,1,0.9739
68214,68214,很冰爽,1,0.9807
68231,68231,力来,1,0.9041
68268,68268,最爱选,1,0.9833
68339,68339,赞网,1,0.9788
68366,68366,学长,1,0.9262
68383,68383,很轻肤,1,0.943
68389,68389,F1,1,0.916
68392,68392,第一遍,1,0.9458
68421,68421,幕前,1,0.9028
68438,68438,爆表呆萌,1,0.9865
68483,68483,上有天堂,1,0.9193
68512,68512,干净利索,1,0.9087
68517,68517,到帅,1,0.9886
68526,68526,喇嘛,1,0.9396
68561,68561,很俊,1,0.9396
68640,68640,必吃萌,1,0.9687
68668,68668,可闺蜜,1,0.9307
68677,68677,图超美,1,0.9876
68701,68701,紧紧包裹,1,0.9102
68704,68704,经典作品,1,0.9795
68752,68752,来劲儿,1,0.9279
68762,68762,横下心来,1,0.9395
68766,68766,求美照,1,0.9663
68812,68812,搜椰梦,1,0.9727
68830,68830,微暖,1,0.9334
68842,68842,功德圆满,1,0.9834
68921,68921,BAMFORDWELLNESSSPA,1,0.9298
68929,68929,养三大,1,0.9132
68973,68973,美抗,1,0.9857
69015,69015,纯真无邪,1,0.9819
69146,69146,幸福美好,1,0.9928
69182,69182,超赞藤桥,1,0.989
69221,69221,必来区,1,0.9567
69225,69225,最爱真,1,0.9594
69243,69243,有美图,1,0.9714
69288,69288,戒不掉,1,0.9475
69298,69298,人生意义,1,0.9716
69316,69316,配合默契,1,0.9288
69336,69336,萌出,1,0.9296
69449,69449,曲线美,1,0.981
69505,69505,美观大方,1,0.9907
69524,69524,音乐欣赏,1,0.9462
69581,69581,对丽思,1,0.9119
69609,69609,TothemanwhotaughtushowtostepandfaceonthechallengesoflifeWewantyoutoknowthatyoulovedMaygodbelessyouwithgoodhealthhappinessandloveHappyFathersDay,1,0.9989
69610,69610,节日快乐,1,0.9638
69614,69614,爽别,1,0.9232
69619,69619,中太美,1,0.9328
69759,69759,来萌,1,0.9882
69774,69774,嫩爽,1,0.9737
69831,69831,多赞,1,0.9891
69953,69953,陷于,1,0.9248
69954,69954,点赞来,1,0.9957
69982,69982,爱吃肉,1,0.9644
70030,70030,最爱食,1,0.9756
70151,70151,最南到,1,0.9263
70173,70173,必租,1,0.9316
70206,70206,周年纪念,1,0.9048
70293,70293,穷游党,1,0.9203
70366,70366,很美全,1,0.9894
70381,70381,好纯,1,0.9072
70417,70417,甚爱,1,0.9692
70422,70422,粉大省,1,0.9307
70511,70511,山合,1,0.9525
70514,70514,hiahiahiahia,1,0.9412
70524,70524,爆美,1,0.9899
70550,70550,出生年月,1,0.9465
70582,70582,很超,1,0.9431
70600,70600,最顺,1,0.9633
70602,70602,赞正,1,0.9951
70628,70628,获赞,1,0.9954
70677,70677,浮潜和海,1,0.9014
70748,70748,中静待,1,0.9019
70764,70764,顶呱呱,1,0.904
70774,70774,纯素颜,1,0.9257
70832,70832,灵猫,1,0.9162
70876,70876,超心水,1,0.9827
70885,70885,省省,1,0.9384
70891,70891,保持沉默,1,0.9315
70923,70923,浮潜赏,1,0.9238
70959,70959,洗涤灵,1,0.99
71074,71074,good,1,0.988
71085,71085,赞吃,1,0.9824
71110,71110,来太美,1,0.9333
71135,71135,绿植带,1,0.9174
71187,71187,正转,1,0.9075
71223,71223,我赞,1,0.9893
71312,71312,常遍,1,0.9813
71329,71329,真真正正,1,0.9443
71352,71352,眼睫毛,1,0.9009
71357,71357,很美海,1,0.9774
71358,71358,超美有,1,0.9534
71365,71365,现哥,1,0.9262
71370,71370,好赞,1,0.9953
71375,71375,类必加,1,0.9652
71427,71427,越多越好,1,0.9763
71629,71629,青春岁月,1,0.9906
71657,71657,地力,1,0.9136
71671,71671,嗲额,1,0.9189
71680,71680,来必,1,0.9806
71686,71686,最爱牛,1,0.99
71745,71745,圈好,1,0.9227
71759,71759,闺蜜翀,1,0.903
71782,71782,各好,1,0.9267
71801,71801,爽学,1,0.956
71812,71812,云好,1,0.9524
71864,71864,杰哥,1,0.9798
71879,71879,认真细致,1,0.9577
71885,71885,最值,1,0.974
71953,71953,欣喜万分,1,0.9531
71973,71973,超六星,1,0.993
72065,72065,之爽,1,0.9617
72081,72081,很美且,1,0.975
72219,72219,二宝爸,1,0.9177
72225,72225,很美泡,1,0.9707
72229,72229,很美站,1,0.9526
72245,72245,细活,1,0.9078
72341,72341,like,1,0.943
72437,72437,首創,1,0.9419
72454,72454,喜歡,1,0.9392
72542,72542,椰青好,1,0.9579
72576,72576,滿足,1,0.9406
72583,72583,很舒適,1,0.9332
72623,72623,名家书画,1,0.9371
72653,72653,httpdoubletreehiltoncomcnzhcnhotelwanningdoubletreeresortbyhiltonhainanxinglonglakesideWXJXADIindexhtml,1,0.9299
72654,72654,静可看,1,0.9671
72798,72798,浪漫生活,1,0.9817
72867,72867,饭萌,1,0.9769
72879,72879,由萌,1,0.9629
72891,72891,按萌,1,0.9641
72894,72894,艾玛萌萌,1,0.9115
72928,72928,歌曲歌词,1,0.9457
72976,72976,探戈,1,0.9488
73004,73004,加美,1,0.9486
73107,73107,盛好,1,0.904
73124,73124,地爱,1,0.9419
73170,73170,蛮棒,1,0.9861
73192,73192,vhttpwwwmafengwocnuvickypanhtml,1,0.9611
73219,73219,爱马,1,0.9086
73226,73226,高富帅,1,0.9766
73264,73264,httpwwwmafengwocnurainbowfactionnotehtml,1,0.9607
73327,73327,老蜂首,1,0.9253
73409,73409,多帅,1,0.9916
73437,73437,潸然泪下,1,0.9043
73477,73477,骑快,1,0.9281
73511,73511,有梦姐,1,0.9667
73516,73516,最爱站,1,0.9493
73560,73560,叹一口气,1,0.9274
73561,73561,haha,1,0.9162
73576,73576,心好,1,0.9827
73707,73707,正合,1,0.9699
73710,73710,基本保障,1,0.9064
73722,73722,全面禁止,1,0.9039
73802,73802,团就值,1,0.9109
73868,73868,来静,1,0.9645
73919,73919,圈香,1,0.9203
73920,73920,喝爽,1,0.9589
74008,74008,甜酒,1,0.9441
74070,74070,面向未来,1,0.9677
74112,74112,遍周,1,0.9218
74146,74146,能静,1,0.9313
74226,74226,好常来,1,0.9849
74286,74286,母鹿,1,0.9805
74306,74306,风景树,1,0.9071
74324,74324,最爱地,1,0.9637
74325,74325,双心,1,0.9492
74326,74326,IslandILoveyou,1,0.9622
74377,74377,公益事业,1,0.9474
74383,74383,雄起,1,0.943
74439,74439,转遍,1,0.9486
74474,74474,梅花香,1,0.955
74669,74669,一宿值,1,0.9269
74679,74679,真不累,1,0.9733
74734,74734,面爱,1,0.9443
74736,74736,敦煌石窟,1,0.9406
74738,74738,名门,1,0.9168
74806,74806,万古不变,1,0.904
74843,74843,爽鱼,1,0.9411
74873,74873,同台,1,0.9561
74944,74944,赞其,1,0.9661
75108,75108,宗教信仰,1,0.9799
75120,75120,积福,1,0.9079
75157,75157,树和树,1,0.9389
75241,75241,贡献力量,1,0.9714
75275,75275,拍绿植,1,0.9031
75289,75289,带劲儿,1,0.9323
75371,75371,青春偶像,1,0.9932
75375,75375,很美北,1,0.9776
75397,75397,精心照料,1,0.9007
75508,75508,年年月月,1,0.9173
75540,75540,三美由南,1,0.9085
75573,75573,愧色,1,0.9884
75659,75659,沙琪玛,1,0.9087
75665,75665,起加美,1,0.9614
75668,75668,优秀儿女,1,0.9614
75707,75707,TV9806940,1,0.9015
75825,75825,比海好,1,0.918
75850,75850,很美到,1,0.9769
75857,75857,放好车,1,0.9415
75918,75918,阿信,1,0.967
75959,75959,赞全,1,0.9911
75992,75992,隐世之美,1,0.9651
76017,76017,雅静,1,0.9196
76037,76037,驾好,1,0.9583
76066,76066,味美不贵,1,0.9578
76072,76072,之美之艳,1,0.9717
76123,76123,南来,1,0.9368
76134,76134,光荣革命,1,0.9125
76138,76138,为民造福,1,0.9364
76148,76148,以帅,1,0.9818
76154,76154,日罗帅,1,0.9944
76170,76170,之大爱,1,0.9908
76194,76194,趋于平稳,1,0.9923
76207,76207,赞用,1,0.9884
76237,76237,首词,1,0.905
76242,76242,爬山涉水,1,0.9003
76260,76260,一巨稳,1,0.993
76261,76261,好哈,1,0.9209
76269,76269,用箭,1,0.9002
76310,76310,古村福,1,0.9041
76328,76328,再赞,1,0.9927
76351,76351,情绪稳定,1,0.9206
76389,76389,必属,1,0.9492
76442,76442,字帅,1,0.9916
76452,76452,装帅,1,0.9855
76491,76491,优的,1,0.9215
76492,76492,赞赞赞,1,0.9821
76548,76548,hippop,1,0.9319
76560,76560,虽小挺,1,0.9131
76580,76580,爽订,1,0.9634
76590,76590,瓦力,1,0.9557
76612,76612,阿华说,1,0.9183
76694,76694,画来,1,0.9023
76733,76733,心年,1,0.9515
76770,76770,常在常,1,0.9004
76961,76961,馆爱上,1,0.9885
77117,77117,自由组合,1,0.9386
77129,77129,宝石蓝,1,0.9
77137,77137,赞汤,1,0.98
77234,77234,养好,1,0.9161
77256,77256,第四张,1,0.928
77266,77266,峰和阳,1,0.9316
77301,77301,红花绿叶,1,0.9328
77326,77326,体力值,1,0.9815
77345,77345,人民大会堂,1,0.9132
77346,77346,珍宝馆,1,0.9324
77406,77406,人文精神,1,0.9659
77452,77452,赏云,1,0.9287
77494,77494,剔透玲珑,1,0.9331
77502,77502,我常去,1,0.9089
77576,77576,之美用,1,0.9544
77642,77642,Feel,1,0.9539
77681,77681,最常去,1,0.9598
77745,77745,点赞论,1,0.9898
77751,77751,还会开,1,0.9205
77803,77803,精彩镜头,1,0.9641
77806,77806,防寒保暖,1,0.9448
77809,77809,很鲜料,1,0.9403
77855,77855,上美图,1,0.9656
77874,77874,风韵犹存,1,0.9209
77903,77903,好眼力,1,0.9669
77906,77906,这萌,1,0.9767
77910,77910,楼萌,1,0.9725
78008,78008,拍正,1,0.9101
78017,78017,好萌,1,0.9941
78082,78082,玄武湖,1,0.9675
78091,78091,巨赞,1,0.9484
78098,78098,入诗,1,0.9243
78108,78108,全部顶,1,0.9082
78147,78147,全闺蜜团,1,0.9687
78189,78189,光好,1,0.9117
78255,78255,故宫博物院,1,0.9408
78272,78272,好哈逛,1,0.9302
78280,78280,师好,1,0.9317
78285,78285,高哒,1,0.9724
78304,78304,饭太必,1,0.9067
78323,78323,赞呐,1,0.992
78393,78393,全高清,1,0.9645
78398,78398,摆酷,1,0.9348
78400,78400,中颜值,1,0.9691
78404,78404,爱着,1,0.9632
78447,78447,心大去,1,0.9641
78522,78522,琴棋书画,1,0.9632
78553,78553,go,1,0.9084
78611,78611,爆赞粉,1,0.9134
78633,78633,五酷,1,0.9527
78948,78948,好美有,1,0.9816
78962,78962,2APM,1,0.9268
79020,79020,极高加,1,0.9077
79033,79033,获得好评,1,0.9255
79038,79038,红珊瑚,1,0.9329
79046,79046,开挺爽,1,0.9652
79081,79081,真美到,1,0.9526
79099,79099,爸撑,1,0.949
79147,79147,用美,1,0.9616
79196,79196,赞口,1,0.9714
79208,79208,字赞,1,0.9889
79212,79212,爱饭,1,0.9331
79215,79215,海爱上,1,0.989
79236,79236,好行,1,0.9259
79301,79301,很爱聊,1,0.9767
79309,79309,话剧表演,1,0.9218
79326,79326,浮潜有,1,0.9032
79354,79354,记中赞,1,0.9794
79374,79374,好映,1,0.9286
79430,79430,很暖滴,1,0.9869
79493,79493,很广,1,0.9116
79578,79578,冲美,1,0.9522
79592,79592,要帅,1,0.9813
79603,79603,顶回去,1,0.9313
79624,79624,柔情蜜意,1,0.9686
79659,79659,很鲜香,1,0.9425
79667,79667,学业有成,1,0.9387
79731,79731,层层包围,1,0.9489
79748,79748,夸爆,1,0.9576
79757,79757,皇堡,1,0.9327
79774,79774,很壮,1,0.955
79910,79910,爱之初,1,0.9459
79911,79911,爱之舟,1,0.947
79952,79952,澡爽,1,0.9454
79982,79982,积极主动,1,0.9291
80033,80033,美订,1,0.9575
80047,80047,美留个,1,0.9089
80111,80111,爆哭,1,0.9105
80194,80194,双粉,1,0.9029
80215,80215,新年礼物,1,0.9675
80232,80232,增进感情,1,0.9867
80280,80280,高大威武,1,0.9915
80442,80442,经济实用,1,0.973
80490,80490,一稳,1,0.9787
80491,80491,云雾迷蒙,1,0.9127
80561,80561,超宽,1,0.9261
80686,80686,快言快语,1,0.9194
80708,80708,鹿能,1,0.9325
80754,80754,兼美图,1,0.98
80775,80775,BBQ180,1,0.9438
80783,80783,万事具备,1,0.9755
80790,80790,许愿树,1,0.955
80824,80824,速超快,1,0.9041
80827,80827,鹿回,1,0.9427
80848,80848,可巧,1,0.9401
80861,80861,耐嚼,1,0.9125
80877,80877,民国初年,1,0.9393
80886,80886,爆爽,1,0.9885
80950,80950,洋娃娃,1,0.9344
81021,81021,临睡前,1,0.9223
81025,81025,愿来,1,0.9052
81053,81053,谷三大,1,0.9432
81054,81054,树之母,1,0.9034
81072,81072,好乖,1,0.9653
81186,81186,奔哥,1,0.9505
81229,81229,脆而爽,1,0.9532
81311,81311,天地合一,1,0.9129
81404,81404,黑色幽默,1,0.9413
81411,81411,风雨同舟,1,0.9423
81424,81424,一展歌喉,1,0.9519
81444,81444,实用价值,1,0.9077
81474,81474,爱之深,1,0.9704
81484,81484,悠悠岁月,1,0.964
81527,81527,值得尊敬,1,0.9271
81579,81579,世事变迁,1,0.9279
81588,81588,周刊,1,0.9139
81599,81599,小人物,1,0.9604
81602,81602,之福,1,0.9221
81660,81660,会奖,1,0.9171
81668,81668,能吃遍,1,0.9256
81704,81704,迫切愿望,1,0.9673
81749,81749,爆香后,1,0.9213
81750,81750,surprise,1,0.9101
81758,81758,OceanFlowerIsland,1,0.9717
81883,81883,楠树,1,0.9226
81913,81913,英雄救美,1,0.9041
81925,81925,囊中羞涩,1,0.9714
81929,81929,最爱别,1,0.9644
82006,82006,茫茫无际,1,0.9046
82050,82050,man,1,0.9441
82121,82121,课和私,1,0.9639
82206,82206,敬业精神,1,0.9815
82212,82212,令人敬畏,1,0.9085
82274,82274,做手,1,0.9333
82301,82301,聪明绝顶,1,0.9804
82313,82313,闺蜜必,1,0.9907
82400,82400,必带品,1,0.9748
82406,82406,爱红妆,1,0.9788
82416,82416,默默耕耘,1,0.974
82417,82417,无私奉献,1,0.9656
82441,82441,天家浴,1,0.9044
82555,82555,车好,1,0.9045
82628,82628,利国利民,1,0.9409
82707,82707,感谢上帝,1,0.9481
82735,82735,闺蜜逸清,1,0.903
82749,82749,色入,1,0.924
82765,82765,爆香,1,0.9661
82876,82876,听宝爸,1,0.9072
82926,82926,爸心,1,0.9371
82941,82941,足部,1,0.9033
82943,82943,必吃菜,1,0.9586
82954,82954,佳地,1,0.9433
82971,82971,帅得,1,0.9831
82973,82973,革命先烈,1,0.9231
83118,83118,大赏,1,0.9674
83119,83119,赞一是,1,0.9769
83312,83312,香港回归,1,0.9362
83443,83443,上文南,1,0.9075
83556,83556,遍山,1,0.9537
83578,83578,香窟,1,0.9551
83582,83582,仙窟,1,0.9126
83630,83630,树来,1,0.907
83643,83643,水产丰富,1,0.929
83691,83691,不忘去,1,0.9418
83699,83699,人静,1,0.9137
83702,83702,甜爽,1,0.9599
83723,83723,爱得乐,1,0.9404
83842,83842,萌鸡,1,0.9219
83853,83853,法文,1,0.9218
83914,83914,较优,1,0.9011
83980,83980,这酷,1,0.9498
84013,84013,有绿植,1,0.9119
84073,84073,满鲜花,1,0.9575
84084,84084,严密,1,0.9135
84104,84104,有美如,1,0.9444
84146,84146,极美得,1,0.9745
84155,84155,IPAD,1,0.9564
84188,84188,康复训练,1,0.9698
84199,84199,还酷,1,0.9417
84228,84228,6day,1,0.9186
84232,84232,9day,1,0.9168
84234,84234,内心世界,1,0.9318
84269,84269,锅里静,1,0.9263
84271,84271,味美得,1,0.9416
84272,84272,赞得,1,0.9836
84317,84317,文艺演出,1,0.937
84340,84340,博客地址,1,0.9493
84356,84356,每周六,1,0.9439
84380,84380,好熟,1,0.9122
84433,84433,必有近忧,1,0.9455
84539,84539,控制力,1,0.9384
84551,84551,有美极,1,0.9564
84586,84586,我爱上,1,0.989
84754,84754,班赞,1,0.9842
84790,84790,生动活泼,1,0.9866
84802,84802,树好,1,0.9617
84890,84890,这下爽,1,0.957
84891,84891,帅帅帅,1,0.9994
84955,84955,带私,1,0.9818
84985,84985,首来,1,0.9411
84987,84987,好团,1,0.9323
84994,84994,用爱去,1,0.9749
85003,85003,表示满意,1,0.9385
85166,85166,好腻害,1,0.9159
85188,85188,心哈,1,0.9402
85211,85211,发小好,1,0.9574
85273,85273,优秀青年,1,0.9657
85289,85289,香好,1,0.9639
85297,85297,多正,1,0.9029
85315,85315,赞骑,1,0.9842
85318,85318,巧好,1,0.98
85365,85365,设计奖,1,0.9338
85386,85386,暴击,1,0.932
85399,85399,HAPPYMIDMOONFESTIVALANDNATIONALDAY,1,0.9478
85411,85411,远近驰名,1,0.96
85452,85452,波光荡漾,1,0.9495
85474,85474,挺新净,1,0.9029
85479,85479,十分高兴,1,0.9467
85500,85500,我萌,1,0.9797
85512,85512,宅起,1,0.9195
85552,85552,菲菲,1,0.9309
85578,85578,菲菲买,1,0.9007
85583,85583,菲菲玩,1,0.9016
85661,85661,精神食粮,1,0.9218
85760,85760,山核桃,1,0.902
85806,85806,较萌,1,0.9721
85823,85823,棒店,1,0.9751
85867,85867,菜必,1,0.9705
85888,85888,女主美照,1,0.9027
85930,85930,专业书籍,1,0.9531
85932,85932,独立思考,1,0.9295
85948,85948,辣爽会,1,0.9569
86072,86072,恒韵,1,0.9308
86089,86089,正去,1,0.9359
86094,86094,喽去,1,0.9119
86230,86230,心必,1,0.9946
86237,86237,飘飘欲仙,1,0.9011
86277,86277,Cocopineapplemangomango,1,0.9238
86319,86319,超赞海,1,0.9811
86405,86405,很足粉,1,0.964
86406,86406,香不贵,1,0.9433
86421,86421,卷颜值,1,0.9621
86471,86471,好带,1,0.9073
86535,86535,好言,1,0.9586
86612,86612,舞好,1,0.9257
86652,86652,活泼泼,1,0.9109
86679,86679,旅开森,1,0.9107
86716,86716,省图书馆,1,0.9178
86789,86789,入心,1,0.9441
86906,86906,飨足,1,0.9221
86920,86920,基本知识,1,0.936
86951,86951,无可置疑,1,0.9803
87005,87005,好虐,1,0.9625
87006,87006,惹人爱,1,0.9658
87014,87014,追来,1,0.912
87027,87027,赞额,1,0.9741
87036,87036,赞人,1,0.9829
87039,87039,粉太爱,1,0.9355
87061,87061,满目苍凉,1,0.9814
87122,87122,条挺正,1,0.9448
87131,87131,教学活动,1,0.9335
87191,87191,热爱祖国,1,0.9893
87229,87229,心宽体胖,1,0.9323
87231,87231,新旧交替,1,0.9376
87233,87233,棒现,1,0.9867
87237,87237,送香,1,0.9178
87301,87301,爽辣鲜,1,0.9662
87310,87310,去洲,1,0.9052
87328,87328,心情愉快,1,0.9065
87385,87385,首爆,1,0.9732
87401,87401,四合,1,0.9084
87411,87411,甜必,1,0.9698
87475,87475,夸清,1,0.9132
87512,87512,自强不息,1,0.9573
87528,87528,作揖,1,0.9139
87535,87535,正脊,1,0.9058
87582,87582,好噜,1,0.9335
87594,87594,很美看,1,0.9914
87631,87631,作陪,1,0.9149
87698,87698,寒气逼人,1,0.9193
87794,87794,交谈起来,1,0.9618
87840,87840,心拔,1,0.9026
87854,87854,占座,1,0.9539
87932,87932,迷眼,1,0.9653
87973,87973,倾注,1,0.9148
87988,87988,超多酷,1,0.9894
87996,87996,美好愿望,1,0.9937
88088,88088,乖宝宝,1,0.9683
88093,88093,趁小黄,1,0.9138
88175,88175,冰赞,1,0.9824
88248,88248,好怀念,1,0.9471
88291,88291,满面红光,1,0.9089
88295,88295,赞食材,1,0.9741
88311,88311,很爱清,1,0.9899
88334,88334,必吃肉,1,0.9704
88342,88342,一组组,1,0.9304
88355,88355,很爱大花角,1,0.9894
88401,88401,CaptainAreyareadykidsKidsAyeAyeCaptainCaptainIcanthearyouKidsAyeAyeCaptain,1,0.9599
88405,88405,很靓,1,0.958
88406,88406,心爱人,1,0.9565
88479,88479,更美回,1,0.9333
88555,88555,勋功章,1,0.9621
88583,88583,最终目标,1,0.956
88690,88690,雨幕,1,0.948
88699,88699,爱满,1,0.9293
88825,88825,幸福快乐,1,0.9956
88890,88890,直蹦哒,1,0.9697
88902,88902,小凯,1,0.9426
88928,88928,骑够,1,0.9108
89035,89035,丝毫不差,1,0.9101
89108,89108,常绿植物,1,0.9761
89167,89167,风月无边,1,0.919
89173,89173,十韵刻,1,0.9336
89390,89390,值得称颂,1,0.9243
89430,89430,肃然起敬,1,0.9455
89433,89433,娜姐,1,0.9736
89603,89603,独到见解,1,0.9051
89636,89636,必停,1,0.973
89646,89646,全集,1,0.9363
89716,89716,令人振奋,1,0.9382
89741,89741,铁盒,1,0.9006
89839,89839,快准,1,0.9109
89871,89871,乐哉,1,0.931
89891,89891,必配,1,0.9623
89940,89940,偏执,1,0.944
89943,89943,玩爽,1,0.9474
89951,89951,全心,1,0.9308
89994,89994,别无所求,1,0.9013
89998,89998,阴魂不散,1,0.9577
90016,90016,最蓝得,1,0.9088
90029,90029,鹿对,1,0.955
90144,90144,得七萌,1,0.9617
90145,90145,得赞,1,0.9883
90147,90147,超萌得,1,0.9911
90150,90150,虽美到,1,0.9231
90152,90152,备受瞩目,1,0.9512
90191,90191,一尝遍,1,0.9525
90203,90203,好孤单,1,0.929
90246,90246,静美得,1,0.9853
90360,90360,礼盆友,1,0.9074
90366,90366,好值,1,0.9778
90594,90594,想顺,1,0.905
90628,90628,爱到深处,1,0.9645
90638,90638,古典音乐,1,0.9496
90640,90640,国耻,1,0.9002
90651,90651,绿橙味,1,0.9346
90811,90811,博主得,1,0.9238
90818,90818,最壕,1,0.9124
90826,90826,哥去,1,0.9188
90833,90833,条理清晰,1,0.9713
90854,90854,爱敬赞,1,0.957
90869,90869,私定,1,0.9537
90922,90922,束河,1,0.9279
90923,90923,必用,1,0.9682
90945,90945,心岛,1,0.9169
90977,90977,还静,1,0.9239
91012,91012,互谦,1,0.9858
91331,91331,注解,1,0.9027
91381,91381,俱有,1,0.9012
91478,91478,狍子,1,0.9576
91500,91500,真美是,1,0.9349
91507,91507,好味离,1,0.902
91525,91525,EVA,1,0.9246
91526,91526,回母校,1,0.9681
91542,91542,行省,1,0.9068
91552,91552,之美上,1,0.9367
91555,91555,从头再来,1,0.9212
91559,91559,南墙,1,0.9252
91801,91801,图酷,1,0.9168
91863,91863,石老人,1,0.9371
91902,91902,宽够,1,0.9119
91924,91924,革命圣地,1,0.9527
91942,91942,振奋人心,1,0.9549
91993,91993,均授,1,0.9303
92015,92015,很值票,1,0.9797
92029,92029,必尝得,1,0.95
92126,92126,车到山前必有路,1,0.9398
92145,92145,必走,1,0.9543
92151,92151,水稳,1,0.926
92159,92159,积极支持,1,0.9897
92367,92367,二山美,1,0.9743
92403,92403,之梦定,1,0.9273
92433,92433,凡上,1,0.9171
92507,92507,撑够,1,0.9599
92563,92563,必过,1,0.9507
92599,92599,深韵,1,0.9073
92646,92646,植物群落,1,0.9645
92750,92750,自习,1,0.905
92806,92806,必坐,1,0.9554
92827,92827,很秀,1,0.9053
92835,92835,安安稳稳,1,0.9986
92843,92843,超帅,1,0.9981
92863,92863,水嫩,1,0.9263
92894,92894,弹嚼劲,1,0.9339
92912,92912,最爱带,1,0.9818
92917,92917,真实有效,1,0.9112
92926,92926,合蒸,1,0.921
92929,92929,很水润,1,0.9756
92932,92932,好梦后,1,0.9376
92941,92941,ThisisamodalwindowBeginningofdialogwindowEscapewillcancelandclosethewindowEndofdialogwindowD1,1,0.9128
92978,92978,五陵年少,1,0.9186
93012,93012,这雨中,1,0.9047
93135,93135,萌宝们,1,0.9759
93138,93138,菜萌,1,0.9807
93161,93161,好仙,1,0.9415
93205,93205,口好味,1,0.9275
93228,93228,全智能,1,0.9169
93238,93238,美衣靓,1,0.9597
93256,93256,小梦去,1,0.9418
93286,93286,必点生,1,0.9755
93325,93325,博主去,1,0.9737
93328,93328,第一首歌,1,0.9533
93350,93350,厚片,1,0.9237
93410,93410,片好,1,0.9209
93443,93443,焦灼,1,0.9008
93446,93446,很够,1,0.9539
93457,93457,行遍,1,0.9618
93490,93490,名扬四海,1,0.9199
93502,93502,爽字来,1,0.9759
93510,93510,秘制鲜,1,0.9257
93581,93581,后萌,1,0.9731
93582,93582,密密层层,1,0.9053
93590,93590,会萌,1,0.9787
93596,93596,越燃,1,0.9658
93600,93600,星辉伴,1,0.9046
93614,93614,中文翻译,1,0.9208
93710,93710,够劲,1,0.9292
93722,93722,宠来,1,0.9545
93743,93743,洛阳桥,1,0.9409
93796,93796,爆牛,1,0.9515
93817,93817,Nice,1,0.9557
93872,93872,传奇一生,1,0.9728
93886,93886,粮绝,1,0.9205
93892,93892,科幻世界,1,0.919
93894,93894,高贵典雅,1,0.942
93902,93902,快全,1,0.9034
93956,93956,合唱,1,0.9355
93967,93967,有家萌,1,0.9628
94046,94046,园林建筑,1,0.9272
94062,94062,四椰梦,1,0.9475
94091,94091,参考值,1,0.9046
94122,94122,赞且,1,0.9817
94125,94125,满绿植,1,0.9125
94127,94127,美归美,1,0.9842
94177,94177,鹿住,1,0.9512
94222,94222,糯味美,1,0.9794
94229,94229,找必,1,0.9545
94247,94247,亲民肖战,1,0.9064
94252,94252,蛋太赞,1,0.9503
94274,94274,区梦,1,0.9016
94275,94275,超乖,1,0.9722
94285,94285,料爽,1,0.9709
94289,94289,脚爱,1,0.9142
94306,94306,美炸天,1,0.9847
94330,94330,食萌,1,0.9734
94336,94336,时尚生活,1,0.9821
94357,94357,美椰味,1,0.9457
94427,94427,那头鹿,1,0.9721
94480,94480,爽弹,1,0.9738
94500,94500,梦幻仙境,1,0.9789
94528,94528,好暖心,1,0.9898
94552,94552,赞来,1,0.9912
94561,94561,拍得酷,1,0.9537
94726,94726,梦旅,1,0.9231
94759,94759,非常灵活,1,0.9812
94776,94776,爱蟹,1,0.9253
94778,94778,般呆萌,1,0.9767
94812,94812,美五食,1,0.9407
94828,94828,各大正,1,0.9387
94858,94858,垂柳,1,0.9121
94868,94868,球大赞,1,0.9871
94880,94880,1good,1,0.9847
94903,94903,至善至美,1,0.9566
94924,94924,燃爆,1,0.9871
94959,94959,合唱队,1,0.912
94963,94963,粉即,1,0.9311
95008,95008,互倚,1,0.9636
95056,95056,充满热情,1,0.9484
95091,95091,滴哒,1,0.9806
95145,95145,回甘有,1,0.9114
95152,95152,字稳,1,0.9765
95244,95244,热情帮助,1,0.9223
95251,95251,之美伴,1,0.9628
95339,95339,风美得,1,0.9096
95346,95346,撑握,1,0.9406
95362,95362,过足瘾,1,0.9276
95368,95368,全吃遍,1,0.962
95399,95399,商赞,1,0.9907
95459,95459,水碧浪静,1,0.9064
95478,95478,晾爽,1,0.9662
95513,95513,用爱,1,0.9616
95544,95544,很美换,1,0.9589
95570,95570,独立营,1,0.9126
95578,95578,很味美,1,0.9585
95584,95584,很香滑,1,0.9245
95616,95616,双鲜,1,0.9197
95667,95667,美汤,1,0.9332
95676,95676,太美来,1,0.9362
95758,95758,香喝,1,0.9029
95792,95792,保存起来,1,0.9108
95824,95824,惊喜价,1,0.9269
95928,95928,花路,1,0.9307
95937,95937,流行时尚,1,0.9822
95944,95944,加身,1,0.9209
95947,95947,盖碗香,1,0.9098
95966,95966,稳可,1,0.9635
96060,96060,优良品种,1,0.9192
96079,96079,摇滚音乐,1,0.9342
96083,96083,越迷,1,0.9722
96094,96094,爱岛,1,0.9617
96097,96097,震撼力,1,0.9901
96148,96148,美吃,1,0.9471
96149,96149,感宅,1,0.9306
96157,96157,超哥,1,0.9701
96211,96211,翠嫩匀,1,0.9395
96297,96297,音乐教室,1,0.9111
96303,96303,培养感情,1,0.9664
96322,96322,起居生活,1,0.9739
96451,96451,量大增,1,0.9392
96457,96457,最滑顺,1,0.9098
96550,96550,博主潘,1,0.9167
96627,96627,愿博个,1,0.9323
96697,96697,晚太好,1,0.907
96723,96723,即合,1,0.9651
96753,96753,正欢,1,0.933
96762,96762,受热捧,1,0.9038
96824,96824,美酒佳肴,1,0.9779
96839,96839,赐浴,1,0.9411
96901,96901,办公会议,1,0.9052
96915,96915,无懈可击,1,0.9661
96935,96935,灵其境,1,0.9633
96944,96944,很美住,1,0.9844
96964,96964,日月如梭,1,0.9288
97032,97032,侧脸,1,0.9312
97102,97102,携宠带,1,0.9648
97104,97104,携宠,1,0.9566
97149,97149,浓淡适中,1,0.9827
97250,97250,趋于稳定,1,0.9882
97313,97313,香和菌,1,0.9273
97319,97319,心送,1,0.9419
97371,97371,爱带,1,0.9658
97485,97485,萌让,1,0.9613
97588,97588,很新刚,1,0.9191
97648,97648,不骄不躁,1,0.9388
97649,97649,乱花渐欲迷人眼,1,0.9868
97652,97652,扶好,1,0.9681
97655,97655,炯炯有神,1,0.9762
97662,97662,身心愉快,1,0.9765
97712,97712,顺利开展,1,0.9389
97795,97795,电视迷,1,0.9572
97846,97846,和和美美,1,0.9505
97854,97854,欢度春节,1,0.9248
97905,97905,鲜辣香,1,0.9463
97951,97951,长衫,1,0.9296
97978,97978,武汉大学,1,0.9265
97981,97981,多快好省,1,0.9802
98104,98104,趁溪,1,0.9027
98130,98130,字美来,1,0.9692
98140,98140,墙正,1,0.9435
98144,98144,ILOVEYOU,1,0.9755
98161,98161,笑对人生,1,0.959
98168,98168,驱寒,1,0.9099
98184,98184,精神饱满,1,0.9859
98201,98201,幼绿植,1,0.94
98300,98300,糯鲜,1,0.9136
98331,98331,智慧结晶,1,0.9703
98336,98336,相互合作,1,0.9135
98339,98339,拼搏精神,1,0.9207
98363,98363,奋斗目标,1,0.9503
98465,98465,迷过,1,0.9224
98466,98466,足瘾,1,0.939
98470,98470,福来,1,0.9424
98472,98472,冲哇艺,1,0.9018
98499,98499,CathayPacificAirways,1,0.966
98571,98571,自然美,1,0.9787
98596,98596,拾金不昧,1,0.9422
98644,98644,雍正皇帝,1,0.9215
98670,98670,技与艺,1,0.9359
98671,98671,为幕,1,0.9171
98681,98681,有爱字,1,0.9515
98759,98759,佳绩,1,0.929
98791,98791,战略目标,1,0.9404
98828,98828,功能强大,1,0.989
98875,98875,超一流,1,0.9768
98965,98965,效果显著,1,0.9254
99096,99096,文艺活动,1,0.9285
99104,99104,经典音乐,1,0.9903
99108,99108,教父,1,0.9265
99176,99176,形美,1,0.972
99295,99295,痛快淋漓,1,0.9862
99405,99405,深化改革,1,0.9021
99415,99415,这团魂,1,0.9047
99458,99458,体育迷,1,0.9464
99475,99475,购花开,1,0.9209
99506,99506,苍茫大地,1,0.9194
99510,99510,寄锦书来,1,0.9056
99543,99543,地美,1,0.9404
99548,99548,女性美,1,0.9443
99561,99561,夸一夸,1,0.95
99571,99571,俱绝,1,0.965
99587,99587,lipoproteinlipase,1,0.9604
99618,99618,极高约,1,0.949
99656,99656,鲜甜醇,1,0.9337
99683,99683,茶人夏,1,0.9384
99700,99700,兼优,1,0.9533
99715,99715,红毯秀,1,0.9355
99725,99725,各大美妆博主,1,0.9855
99799,99799,感即,1,0.9157
99880,99880,度阔幕,1,0.9647
99893,99893,爽死,1,0.904
99910,99910,恐高想,1,0.9601
99944,99944,西柚汁现,1,0.9151
99972,99972,生活圈,1,0.9218
100002,100002,萌虎来,1,0.972
100011,100011,新春快乐,1,0.9856
100019,100019,静与动,1,0.92
100020,100020,赏画,1,0.9212
100023,100023,便民利民,1,0.91
100085,100085,面向全国,1,0.9041
100087,100087,人博主,1,0.9276
100108,100108,入围奖,1,0.9329
100114,100114,鲜花礼品,1,0.9712
100207,100207,全牛,1,0.9059
100220,100220,樱花节,1,0.9231
100228,100228,四幕,1,0.9628
100262,100262,方向感,1,0.9477
100377,100377,家萌,1,0.9652
100402,100402,好全,1,0.9217
100453,100453,撩到,1,0.9155
100486,100486,又拉风,1,0.9098
100501,100501,首都北京,1,0.9016
100528,100528,私评,1,0.9178
100536,100536,平遥,1,0.9449
100570,100570,长得帅,1,0.9887
100599,100599,美丽童话,1,0.9936
100612,100612,色艺,1,0.9497
100633,100633,环幕,1,0.9368
100644,100644,TheHEWESTINSHIMEIBAY,1,0.9315
100677,100677,表情丰富,1,0.9332
100682,100682,驾云,1,0.9376
100726,100726,女人爱,1,0.9382
100733,100733,可以信赖,1,0.9481
100754,100754,最入,1,0.9233
100755,100755,happylovekiss,1,0.9902
100769,100769,独美,1,0.9202
100793,100793,从丽思,1,0.9041
100891,100891,有灵,1,0.9396
100929,100929,上好佳,1,0.9465
100952,100952,保持足够,1,0.9898
100987,100987,icon15TD,1,0.9728
100998,100998,好惹,1,0.901
101026,101026,又惊又喜,1,0.9203
101056,101056,love,1,0.9717
101086,101086,房萌粉,1,0.9736
101087,101087,萌粉,1,0.979
101187,101187,杰出贡献,1,0.9277
101209,101209,精神力量,1,0.9856
101394,101394,拍必,1,0.9747
101446,101446,历史渊源,1,0.9646
101517,101517,美艳绝伦,1,0.9612
101606,101606,之梦号,1,0.9562
101651,101651,爱辣,1,0.9194
101657,101657,松爽,1,0.9202
101672,101672,静能,1,0.9184
101744,101744,清即,1,0.9172
101745,101745,鲜即,1,0.9319
101747,101747,即淳,1,0.9389
101748,101748,爽即,1,0.9803
101915,101915,好快,1,0.9732
101927,101927,布局合理,1,0.9624
101949,101949,酷炫拉风,1,0.9911
102137,102137,性情温顺,1,0.9665
102141,102141,尽其美,1,0.912
102248,102248,首選離,1,0.9127
102259,102259,佛必,1,0.9729
102273,102273,可體驗,1,0.9053
102290,102290,棒口,1,0.9512
102301,102301,優惠,1,0.9551
102320,102320,錯過,1,0.906
102334,102334,必帶,1,0.9787
102382,102382,熱鬧,1,0.9147
102386,102386,最熱鬧,1,0.9604
102502,102502,很香住,1,0.9625
102648,102648,香之首,1,0.9672
102763,102763,首小诗,1,0.9327
102777,102777,大胆冲破,1,0.9375
102867,102867,首看,1,0.9402
102948,102948,优秀作品,1,0.977
102959,102959,鹿见,1,0.9257
102965,102965,银婚纪念,1,0.9334
102989,102989,奖礼赠,1,0.9623
103002,103002,流中,1,0.9125
103006,103006,超炫,1,0.9383
103280,103280,绵绵不断,1,0.9398
103314,103314,科举考试,1,0.9141
103316,103316,集苏,1,0.9072
103582,103582,好几场,1,0.9177
103636,103636,贫愧乏,1,0.988
103767,103767,净化系统,1,0.9332
103797,103797,获得最佳,1,0.923
103869,103869,心暖莘好,1,0.9147
103873,103873,游戏音乐,1,0.9513
103894,103894,巧摄,1,0.9452
103907,103907,权威认证,1,0.9379
103909,103909,和暖,1,0.9489
103937,103937,巨幕厅,1,0.9623
103944,103944,凌厉,1,0.9162
103989,103989,更暖心,1,0.9763
104061,104061,静定,1,0.9388
104071,104071,完整版,1,0.931
104073,104073,蓝瘾,1,0.9511
104208,104208,三丫好,1,0.9147
104247,104247,复兴号,1,0.9267
104285,104285,坐爱,1,0.9459
104317,104317,家力哥,1,0.9001
104341,104341,制好,1,0.9479
104431,104431,好绝,1,0.9509
104462,104462,领够,1,0.9097
104480,104480,子扯面,1,0.9269
104501,104501,眉正,1,0.9584
104539,104539,时爱带,1,0.9355
104664,104664,万卷书,1,0.9147
104718,104718,名牌服饰,1,0.9023
104739,104739,合意,1,0.9011
104744,104744,天地万物,1,0.9
104766,104766,干劲十足,1,0.9827
104843,104843,惜福,1,0.966
104874,104874,大赞尝,1,0.9702
104988,104988,愈好,1,0.9474
104992,104992,奖助学金,1,0.918
105000,105000,入葬取,1,0.9071
105070,105070,一如往昔,1,0.9551
105080,105080,货赞,1,0.989
105116,105116,爽海花,1,0.948
105206,105206,越佳,1,0.9087
105410,105410,很香想,1,0.9713
105453,105453,鹿是,1,0.9057
105562,105562,最暖,1,0.9842
105565,105565,多必,1,0.9696
105571,105571,电影迷,1,0.9847
105578,105578,必进,1,0.92
105592,105592,买遍,1,0.9108
105596,105596,技术规范,1,0.9098
105601,105601,放心使用,1,0.9795
105689,105689,之美有,1,0.9504
105759,105759,恰粉,1,0.9622
105877,105877,暖烘烘,1,0.9767
106060,106060,最爱炸物,1,0.9911
106363,106363,嘉善,1,0.916
106457,106457,糖糖,1,0.9275
106522,106522,返粤,1,0.9046
106543,106543,多福,1,0.9183
106635,106635,灰常好,1,0.9608
106677,106677,行方便,1,0.9347
106691,106691,团心,1,0.9332
106805,106805,比椰梦,1,0.9117
106808,106808,最醇,1,0.9011
106831,106831,宾主尽欢,1,0.9684
106852,106852,有暖阳,1,0.9087
106938,106938,爽三海,1,0.9737
106947,106947,浓萌,1,0.9788
106983,106983,魂宝,1,0.9245
106989,106989,祖国统一,1,0.9458
107051,107051,为帅,1,0.9839
107109,107109,韵韵,1,0.9684
107169,107169,眼尖手快,1,0.9041
107203,107203,会议展览,1,0.9609
107317,107317,先奔山,1,0.925
107319,107319,留美,1,0.913
107326,107326,双足,1,0.9354
107388,107388,稳带,1,0.9713
107404,107404,起范儿,1,0.939
107414,107414,很醇,1,0.9234
107423,107423,静思诗,1,0.9485
107443,107443,大快人心,1,0.9228
107503,107503,搜榜,1,0.9715
107545,107545,杂技界,1,0.9053
107554,107554,精彩节目,1,0.9323
107558,107558,置疑,1,0.9433
107803,107803,好上加好,1,0.9321
107820,107820,之巧,1,0.9273
107845,107845,赏黛瓦,1,0.9417
107880,107880,花艳花开,1,0.9067
107883,107883,心爽,1,0.9925
107918,107918,泪流满面,1,0.9601
107955,107955,很欢,1,0.9057
108082,108082,爱演,1,0.9659
108100,108100,赞花胶,1,0.9911
108250,108250,保存实力,1,0.9854
108303,108303,控好,1,0.9616
108419,108419,对症下药,1,0.9526
108438,108438,学术交流,1,0.9588
108503,108503,茶味爽,1,0.9746
108506,108506,起即,1,0.9147
108530,108530,载值,1,0.9625
108562,108562,好人家,1,0.9423
108585,108585,宝必带,1,0.9764
108622,108622,追来追去,1,0.9864
108702,108702,巧获,1,0.9603
108719,108719,海浪滔天,1,0.976
108725,108725,光摸福,1,0.9499
108845,108845,挺帅,1,0.9951
108889,108889,想巧,1,0.9175
108911,108911,阿华田杯,1,0.9256
109180,109180,能稳,1,0.9687
109402,109402,海蓝之心,1,0.9119
109417,109417,学霸,1,0.944
109426,109426,图美,1,0.9313
109510,109510,嗅来,1,0.9223
109531,109531,慢摇,1,0.9059
109591,109591,提正,1,0.9103
109702,109702,早起早睡,1,0.9448
109761,109761,身材高大,1,0.9011
109762,109762,四肢发达,1,0.9234
109847,109847,短小精悍,1,0.9601
109944,109944,最亲民,1,0.9482
109958,109958,爽且,1,0.9427
109982,109982,爽爽爽,1,0.9871
110150,110150,放光芒,1,0.9346
110166,110166,制茶师,1,0.9078
110173,110173,部优,1,0.9064
110174,110174,省优,1,0.9703
110206,110206,httpsvkuaishoucomfB0ujq,1,0.9241
110242,110242,心一扫,1,0.9508
110248,110248,流着泪,1,0.9248
110275,110275,常爱,1,0.9891
110336,110336,看一快,1,0.9179
110366,110366,爽粉,1,0.9734
110420,110420,实力雄厚,1,0.9386
110427,110427,很省,1,0.9459
110442,110442,很美点,1,0.921
110508,110508,超浓超香,1,0.9944
110547,110547,行即,1,0.9243
110562,110562,芳香植物,1,0.9472
110579,110579,0101,1,0.9136
110593,110593,新老朋友,1,0.9388
110607,110607,必发于,1,0.9687
110674,110674,高等植物,1,0.9444
110751,110751,人生哲学,1,0.9803
110891,110891,心梦以,1,0.9418
110917,110917,网必,1,0.9599
110929,110929,真爱想,1,0.9361
110939,110939,热血青年,1,0.9393
110941,110941,撩汉,1,0.9408
111033,111033,力强,1,0.9274
111034,111034,血糖值,1,0.977
111038,111038,色绿香,1,0.9587
111053,111053,正起,1,0.9158
111166,111166,可值,1,0.9404
111180,111180,历年,1,0.9011
111183,111183,优质优价,1,0.9719
111187,111187,放心店,1,0.9581
111262,111262,PreviouslyImdobestzhou,1,0.9705
111311,111311,帮好,1,0.9196
