Word1,Word2,Weight
蜈支洲岛,珊瑚酒店,28
蜈支洲岛,三亚,47
蜈支洲岛,情人桥,14
蜈支洲岛,蜈支洲岛潜水,7
蜈支洲岛,情人岛,23
蜈支洲岛,三亚国际免税城,6
蜈支洲岛,亚龙湾,9
蜈支洲岛,海棠湾,13
蜈支洲岛,后海村,2
蜈支洲岛,后海,6
蜈支洲岛,三亚湾,6
蜈支洲岛,椰梦长廊,5
蜈支洲岛,第一市场,2
蜈支洲岛,喜来登,6
蜈支洲岛,观日岩,15
蜈支洲岛,白沙滩,2
蜈支洲岛,大东海,6
蜈支洲岛,海口,1
蜈支洲岛,琼州海峡,1
蜈支洲岛,骑楼老街,1
蜈支洲岛,博鳌,1
蜈支洲岛,兴隆热带植物园,1
蜈支洲岛,日月湾,1
蜈支洲岛,兴隆热带花园,1
蜈支洲岛,分界洲岛,1
蜈支洲岛,吊罗山,1
蜈支洲岛,亚特兰蒂斯水世界,2
蜈支洲岛,南山文化旅游区,2
蜈支洲岛,亚特兰蒂斯失落的空间水族馆,1
蜈支洲岛,南山寺,3
蜈支洲岛,亚龙湾热带天堂森林公园,1
蜈支洲岛,威斯汀,1
蜈支洲岛,妈祖庙,1
蜈支洲岛,三十三观音堂,1
蜈支洲岛,金玉观音,1
蜈支洲岛,凤凰岛,3
蜈支洲岛,兰花谷,2
蜈支洲岛,过江龙索桥,2
蜈支洲岛,天涯海角,5
蜈支洲岛,三亚学院,1
蜈支洲岛,东洲岛,1
蜈支洲岛,南天一柱,1
蜈支洲岛,海南雅居乐莱佛士酒店,1
蜈支洲岛,金龟探海,2
蜈支洲岛,三亚免税店,1
蜈支洲岛,希尔顿,1
蜈支洲岛,蝴蝶谷,1
蜈支洲岛,这片海,1
蜈支洲岛,蜈支洲岛海滨浴场,2
蜈支洲岛,大小洞天,1
蜈支洲岛,小洞天,1
蜈支洲岛,观海长廊,6
蜈支洲岛,三亚哈曼度假酒店,1
蜈支洲岛,滕海渔村,1
蜈支洲岛,皇后湾,1
蜈支洲岛,榆林港,1
蜈支洲岛,情人湾,1
蜈支洲岛,蓝色海,1
蜈支洲岛,沧海楼,1
蜈支洲岛,自然博物馆,1
蜈支洲岛,不二法门,1
蜈支洲岛,三亚千古情景区,1
珊瑚酒店,三亚,24
珊瑚酒店,情人桥,9
珊瑚酒店,蜈支洲岛潜水,1
珊瑚酒店,情人岛,17
珊瑚酒店,三亚国际免税城,2
珊瑚酒店,海棠湾,2
珊瑚酒店,后海村,1
珊瑚酒店,观日岩,11
珊瑚酒店,白沙滩,1
珊瑚酒店,大东海,3
珊瑚酒店,金龟探海,2
珊瑚酒店,蜈支洲岛海滨浴场,1
珊瑚酒店,观海长廊,5
珊瑚酒店,蓝色海,1
三亚,情人桥,15
三亚,蜈支洲岛潜水,3
三亚,情人岛,20
三亚,三亚国际免税城,6
三亚,亚龙湾,17
三亚,海棠湾,17
三亚,后海村,4
三亚,后海,5
三亚,三亚湾,14
三亚,椰梦长廊,11
三亚,第一市场,3
三亚,半山半岛帆船港,3
三亚,喜来登,3
三亚,海棠广场,1
三亚,观日岩,12
三亚,大东海,8
三亚,亚特兰蒂斯水世界,5
三亚,南山文化旅游区,2
三亚,亚特兰蒂斯失落的空间水族馆,1
三亚,南山寺,4
三亚,亚龙湾热带天堂森林公园,2
三亚,威斯汀,1
三亚,妈祖庙,1
三亚,三十三观音堂,1
三亚,金玉观音,1
三亚,凤凰岛,4
三亚,兰花谷,2
三亚,过江龙索桥,2
三亚,天涯海角,7
三亚,东洲岛,1
三亚,南天一柱,2
三亚,海南雅居乐莱佛士酒店,1
三亚,金龟探海,2
三亚,三亚亚龙湾红树林度假酒店,1
三亚,三亚免税店,2
三亚,三亚亚龙湾铂尔曼别墅度假酒店,1
三亚,鹿回头高尔夫球会,1
三亚,鹿回头山顶公园,1
三亚,希尔顿,3
三亚,椰子树,1
三亚,蝴蝶谷,1
三亚,蛇口,1
三亚,皇冠假日,1
三亚,红树林度假,1
三亚,大小洞天,2
三亚,小洞天,2
三亚,丽思卡尔顿,1
三亚,铂尔曼,1
三亚,亚龙湾高尔夫球会,1
三亚,亚龙湾中心广场,1
三亚,美高梅,1
三亚,观海长廊,5
三亚,三亚哈曼度假酒店,1
三亚,滕海渔村,1
三亚,皇后湾,1
三亚,榆林港,1
三亚,情人湾,1
三亚,蓝色海,1
三亚,沧海楼,1
三亚,自然博物馆,1
三亚,不二法门,1
三亚,三亚千古情景区,1
情人桥,蜈支洲岛潜水,1
情人桥,情人岛,10
情人桥,三亚国际免税城,2
情人桥,亚龙湾,4
情人桥,海棠湾,3
情人桥,后海村,1
情人桥,后海,3
情人桥,三亚湾,3
情人桥,椰梦长廊,3
情人桥,第一市场,1
情人桥,半山半岛帆船港,2
情人桥,喜来登,1
情人桥,海棠广场,1
情人桥,观日岩,6
情人桥,大东海,1
情人桥,亚特兰蒂斯水世界,1
情人桥,亚龙湾热带天堂森林公园,1
情人桥,兰花谷,1
情人桥,过江龙索桥,1
情人桥,天涯海角,1
情人桥,金龟探海,1
情人桥,三亚免税店,1
情人桥,三亚亚龙湾铂尔曼别墅度假酒店,1
情人桥,鹿回头高尔夫球会,1
情人桥,鹿回头山顶公园,1
情人桥,蜈支洲岛海滨浴场,1
情人桥,观海长廊,4
情人桥,蓝色海,1
情人桥,沧海楼,1
蜈支洲岛潜水,三亚国际免税城,1
蜈支洲岛潜水,海棠湾,1
蜈支洲岛潜水,后海,1
蜈支洲岛潜水,这片海,1
蜈支洲岛潜水,蜈支洲岛海滨浴场,1
情人岛,三亚国际免税城,3
情人岛,亚龙湾,3
情人岛,海棠湾,3
情人岛,后海,1
情人岛,三亚湾,2
情人岛,第一市场,1
情人岛,观日岩,10
情人岛,白沙滩,1
情人岛,大东海,4
情人岛,亚特兰蒂斯水世界,1
情人岛,凤凰岛,2
情人岛,兰花谷,1
情人岛,过江龙索桥,1
情人岛,天涯海角,2
情人岛,东洲岛,1
情人岛,南天一柱,1
情人岛,海南雅居乐莱佛士酒店,1
情人岛,金龟探海,1
情人岛,蝴蝶谷,1
情人岛,蜈支洲岛海滨浴场,1
情人岛,观海长廊,5
情人岛,蓝色海,1
情人岛,沧海楼,1
三亚国际免税城,亚龙湾,2
三亚国际免税城,海棠湾,4
三亚国际免税城,后海村,1
三亚国际免税城,三亚湾,2
三亚国际免税城,椰梦长廊,1
三亚国际免税城,喜来登,4
三亚国际免税城,观日岩,1
三亚国际免税城,大东海,1
三亚国际免税城,亚特兰蒂斯水世界,2
三亚国际免税城,南山文化旅游区,1
三亚国际免税城,亚特兰蒂斯失落的空间水族馆,1
三亚国际免税城,天涯海角,1
三亚国际免税城,东洲岛,1
三亚国际免税城,南天一柱,1
三亚国际免税城,海南雅居乐莱佛士酒店,1
亚龙湾,海棠湾,11
亚龙湾,后海村,3
亚龙湾,后海,4
亚龙湾,三亚湾,9
亚龙湾,椰梦长廊,9
亚龙湾,第一市场,3
亚龙湾,半山半岛帆船港,3
亚龙湾,喜来登,1
亚龙湾,海棠广场,1
亚龙湾,大东海,5
亚龙湾,海口,1
亚龙湾,琼州海峡,1
亚龙湾,骑楼老街,1
亚龙湾,博鳌,1
亚龙湾,兴隆热带植物园,1
亚龙湾,日月湾,1
亚龙湾,兴隆热带花园,1
亚龙湾,分界洲岛,1
亚龙湾,吊罗山,1
亚龙湾,亚特兰蒂斯水世界,3
亚龙湾,南山文化旅游区,2
亚龙湾,亚特兰蒂斯失落的空间水族馆,1
亚龙湾,南山寺,3
亚龙湾,亚龙湾热带天堂森林公园,2
亚龙湾,威斯汀,1
亚龙湾,妈祖庙,1
亚龙湾,三十三观音堂,1
亚龙湾,金玉观音,1
亚龙湾,凤凰岛,3
亚龙湾,兰花谷,2
亚龙湾,过江龙索桥,2
亚龙湾,天涯海角,5
亚龙湾,东洲岛,1
亚龙湾,南天一柱,1
亚龙湾,海南雅居乐莱佛士酒店,1
亚龙湾,三亚亚龙湾红树林度假酒店,1
亚龙湾,三亚免税店,2
亚龙湾,三亚亚龙湾铂尔曼别墅度假酒店,1
亚龙湾,鹿回头高尔夫球会,1
亚龙湾,鹿回头山顶公园,1
亚龙湾,希尔顿,3
亚龙湾,椰子树,1
亚龙湾,蝴蝶谷,1
亚龙湾,皇冠假日,1
亚龙湾,红树林度假,1
亚龙湾,大小洞天,1
亚龙湾,小洞天,1
亚龙湾,丽思卡尔顿,1
亚龙湾,铂尔曼,1
亚龙湾,亚龙湾高尔夫球会,1
亚龙湾,亚龙湾中心广场,1
亚龙湾,美高梅,1
亚龙湾,三亚哈曼度假酒店,1
亚龙湾,滕海渔村,1
亚龙湾,皇后湾,1
亚龙湾,榆林港,1
亚龙湾,情人湾,1
亚龙湾,沧海楼,1
海棠湾,后海村,3
海棠湾,后海,3
海棠湾,三亚湾,7
海棠湾,椰梦长廊,6
海棠湾,第一市场,2
海棠湾,半山半岛帆船港,1
海棠湾,喜来登,7
海棠湾,海棠广场,1
海棠湾,观日岩,2
海棠湾,大东海,4
海棠湾,海口,1
海棠湾,琼州海峡,1
海棠湾,骑楼老街,1
海棠湾,博鳌,1
海棠湾,兴隆热带植物园,1
海棠湾,日月湾,1
海棠湾,兴隆热带花园,1
海棠湾,分界洲岛,1
海棠湾,吊罗山,1
海棠湾,亚特兰蒂斯水世界,3
海棠湾,南山文化旅游区,2
海棠湾,亚特兰蒂斯失落的空间水族馆,1
海棠湾,南山寺,2
海棠湾,亚龙湾热带天堂森林公园,1
海棠湾,威斯汀,1
海棠湾,妈祖庙,1
海棠湾,三十三观音堂,1
海棠湾,金玉观音,1
海棠湾,凤凰岛,1
海棠湾,兰花谷,1
海棠湾,过江龙索桥,1
海棠湾,天涯海角,4
海棠湾,东洲岛,1
海棠湾,南天一柱,1
海棠湾,海南雅居乐莱佛士酒店,1
海棠湾,金龟探海,1
海棠湾,三亚免税店,1
海棠湾,希尔顿,2
海棠湾,椰子树,1
海棠湾,皇冠假日,1
海棠湾,亚龙湾高尔夫球会,1
海棠湾,亚龙湾中心广场,1
海棠湾,三亚哈曼度假酒店,1
海棠湾,滕海渔村,1
海棠湾,皇后湾,1
海棠湾,榆林港,1
海棠湾,情人湾,1
后海村,后海,1
后海村,三亚湾,2
后海村,椰梦长廊,2
后海村,第一市场,1
后海村,半山半岛帆船港,1
后海村,喜来登,1
后海村,海棠广场,1
后海村,亚特兰蒂斯水世界,1
后海村,南山文化旅游区,1
后海村,亚特兰蒂斯失落的空间水族馆,1
后海村,皇冠假日,1
后海村,观海长廊,1
后海,三亚湾,3
后海,椰梦长廊,3
后海,第一市场,1
后海,半山半岛帆船港,1
后海,喜来登,1
后海,海棠广场,1
后海,大东海,1
后海,南山寺,1
后海,兰花谷,1
后海,过江龙索桥,1
后海,天涯海角,1
后海,三亚学院,1
后海,三亚免税店,1
后海,希尔顿,1
后海,滕海渔村,1
后海,皇后湾,1
后海,榆林港,1
后海,情人湾,1
后海,沧海楼,1
三亚湾,椰梦长廊,8
三亚湾,第一市场,1
三亚湾,半山半岛帆船港,2
三亚湾,喜来登,3
三亚湾,海棠广场,1
三亚湾,大东海,5
三亚湾,亚特兰蒂斯水世界,3
三亚湾,南山文化旅游区,1
三亚湾,亚特兰蒂斯失落的空间水族馆,1
三亚湾,南山寺,2
三亚湾,亚龙湾热带天堂森林公园,1
三亚湾,凤凰岛,1
三亚湾,兰花谷,1
三亚湾,过江龙索桥,1
三亚湾,天涯海角,5
三亚湾,东洲岛,1
三亚湾,南天一柱,1
三亚湾,海南雅居乐莱佛士酒店,1
三亚湾,三亚免税店,2
三亚湾,三亚亚龙湾铂尔曼别墅度假酒店,1
三亚湾,鹿回头高尔夫球会,1
三亚湾,鹿回头山顶公园,1
三亚湾,希尔顿,2
三亚湾,红树林度假,1
三亚湾,大小洞天,1
三亚湾,小洞天,1
三亚湾,丽思卡尔顿,1
三亚湾,铂尔曼,1
三亚湾,亚龙湾高尔夫球会,1
三亚湾,亚龙湾中心广场,1
三亚湾,三亚哈曼度假酒店,1
三亚湾,滕海渔村,1
三亚湾,皇后湾,1
三亚湾,榆林港,1
三亚湾,情人湾,1
三亚湾,沧海楼,1
椰梦长廊,第一市场,2
椰梦长廊,半山半岛帆船港,3
椰梦长廊,喜来登,1
椰梦长廊,海棠广场,1
椰梦长廊,大东海,3
椰梦长廊,亚特兰蒂斯水世界,2
椰梦长廊,南山文化旅游区,2
椰梦长廊,亚特兰蒂斯失落的空间水族馆,1
椰梦长廊,南山寺,3
椰梦长廊,亚龙湾热带天堂森林公园,2
椰梦长廊,威斯汀,1
椰梦长廊,妈祖庙,1
椰梦长廊,三十三观音堂,1
椰梦长廊,金玉观音,1
椰梦长廊,凤凰岛,1
椰梦长廊,兰花谷,1
椰梦长廊,过江龙索桥,1
椰梦长廊,天涯海角,3
椰梦长廊,三亚免税店,2
椰梦长廊,三亚亚龙湾铂尔曼别墅度假酒店,1
椰梦长廊,鹿回头高尔夫球会,1
椰梦长廊,鹿回头山顶公园,1
椰梦长廊,希尔顿,2
椰梦长廊,红树林度假,1
椰梦长廊,大小洞天,1
椰梦长廊,小洞天,1
椰梦长廊,丽思卡尔顿,1
椰梦长廊,铂尔曼,1
椰梦长廊,三亚哈曼度假酒店,1
椰梦长廊,滕海渔村,1
椰梦长廊,皇后湾,1
椰梦长廊,榆林港,1
椰梦长廊,情人湾,1
第一市场,半山半岛帆船港,1
第一市场,喜来登,1
第一市场,海棠广场,1
第一市场,南山文化旅游区,1
第一市场,南山寺,1
第一市场,亚龙湾热带天堂森林公园,1
第一市场,威斯汀,1
第一市场,妈祖庙,1
第一市场,三十三观音堂,1
第一市场,金玉观音,1
第一市场,凤凰岛,3
第一市场,兰花谷,1
第一市场,过江龙索桥,1
第一市场,天涯海角,1
第一市场,蝴蝶谷,1
半山半岛帆船港,喜来登,1
半山半岛帆船港,海棠广场,1
半山半岛帆船港,大东海,1
半山半岛帆船港,亚特兰蒂斯水世界,1
半山半岛帆船港,亚龙湾热带天堂森林公园,1
半山半岛帆船港,天涯海角,1
半山半岛帆船港,三亚免税店,1
半山半岛帆船港,三亚亚龙湾铂尔曼别墅度假酒店,1
半山半岛帆船港,鹿回头高尔夫球会,1
半山半岛帆船港,鹿回头山顶公园,1
喜来登,喜来登,7
喜来登,海棠广场,1
喜来登,天涯海角,2
观日岩,白沙滩,1
观日岩,金龟探海,2
观日岩,蜈支洲岛海滨浴场,1
观日岩,观海长廊,3
观日岩,蓝色海,1
大东海,亚特兰蒂斯水世界,2
大东海,南山寺,1
大东海,亚龙湾热带天堂森林公园,1
大东海,天涯海角,4
大东海,东洲岛,1
大东海,南天一柱,1
大东海,海南雅居乐莱佛士酒店,1
大东海,三亚免税店,2
大东海,三亚亚龙湾铂尔曼别墅度假酒店,1
大东海,鹿回头高尔夫球会,1
大东海,鹿回头山顶公园,1
大东海,希尔顿,1
大东海,亚龙湾高尔夫球会,1
大东海,亚龙湾中心广场,1
大东海,三亚哈曼度假酒店,1
大东海,滕海渔村,1
大东海,皇后湾,1
大东海,榆林港,1
大东海,情人湾,1
海口,琼州海峡,1
海口,骑楼老街,4
海口,博鳌,1
海口,兴隆热带植物园,1
海口,日月湾,1
海口,兴隆热带花园,1
海口,分界洲岛,1
海口,吊罗山,1
海口,五公祠,1
海口,苏公祠,1
海口,海口皇马假日大酒店,1
海口,海口滨海大道,1
海口,滨海公园,1
海口,世纪公园,2
海口,东寨港红树林,1
海口,中山路,1
海口,观澜湖华谊冯小刚电影公社,2
海口,雷琼海口火山群世界地质公园,1
琼州海峡,骑楼老街,1
琼州海峡,博鳌,1
琼州海峡,兴隆热带植物园,1
琼州海峡,日月湾,1
琼州海峡,兴隆热带花园,1
琼州海峡,分界洲岛,1
琼州海峡,吊罗山,1
骑楼老街,博鳌,1
骑楼老街,兴隆热带植物园,1
骑楼老街,日月湾,1
骑楼老街,兴隆热带花园,1
骑楼老街,分界洲岛,1
骑楼老街,吊罗山,1
骑楼老街,五公祠,1
骑楼老街,苏公祠,1
骑楼老街,海口皇马假日大酒店,1
骑楼老街,世纪公园,1
骑楼老街,东寨港红树林,1
骑楼老街,中山路,1
骑楼老街,观澜湖华谊冯小刚电影公社,2
骑楼老街,雷琼海口火山群世界地质公园,1
博鳌,兴隆热带植物园,1
博鳌,日月湾,1
博鳌,兴隆热带花园,1
博鳌,分界洲岛,1
博鳌,吊罗山,1
博鳌,琼海,1
兴隆热带植物园,日月湾,1
兴隆热带植物园,兴隆热带花园,1
兴隆热带植物园,分界洲岛,1
兴隆热带植物园,吊罗山,1
日月湾,兴隆热带花园,1
日月湾,分界洲岛,1
日月湾,吊罗山,1
日月湾,万宁,1
兴隆热带花园,分界洲岛,1
兴隆热带花园,吊罗山,1
分界洲岛,吊罗山,1
亚特兰蒂斯水世界,南山文化旅游区,1
亚特兰蒂斯水世界,亚特兰蒂斯失落的空间水族馆,1
亚特兰蒂斯水世界,亚龙湾热带天堂森林公园,1
亚特兰蒂斯水世界,天涯海角,2
亚特兰蒂斯水世界,东洲岛,1
亚特兰蒂斯水世界,南天一柱,1
亚特兰蒂斯水世界,海南雅居乐莱佛士酒店,1
亚特兰蒂斯水世界,三亚免税店,1
亚特兰蒂斯水世界,三亚亚龙湾铂尔曼别墅度假酒店,1
亚特兰蒂斯水世界,鹿回头高尔夫球会,1
亚特兰蒂斯水世界,鹿回头山顶公园,1
南山文化旅游区,亚特兰蒂斯失落的空间水族馆,1
南山文化旅游区,南山寺,1
南山文化旅游区,亚龙湾热带天堂森林公园,1
南山文化旅游区,威斯汀,1
南山文化旅游区,妈祖庙,1
南山文化旅游区,三十三观音堂,1
南山文化旅游区,金玉观音,1
南山文化旅游区,凤凰岛,1
南山文化旅游区,兰花谷,1
南山文化旅游区,过江龙索桥,1
南山寺,亚龙湾热带天堂森林公园,1
南山寺,威斯汀,1
南山寺,妈祖庙,1
南山寺,三十三观音堂,1
南山寺,金玉观音,1
南山寺,凤凰岛,1
南山寺,兰花谷,1
南山寺,过江龙索桥,1
南山寺,天涯海角,1
南山寺,三亚免税店,1
南山寺,希尔顿,2
南山寺,红树林度假,1
南山寺,大小洞天,2
南山寺,小洞天,2
南山寺,丽思卡尔顿,1
南山寺,铂尔曼,1
南山寺,滕海渔村,1
南山寺,皇后湾,1
南山寺,榆林港,1
南山寺,情人湾,1
南山寺,自然博物馆,1
南山寺,不二法门,1
南山寺,三亚千古情景区,1
亚龙湾热带天堂森林公园,威斯汀,1
亚龙湾热带天堂森林公园,妈祖庙,1
亚龙湾热带天堂森林公园,三十三观音堂,1
亚龙湾热带天堂森林公园,金玉观音,1
亚龙湾热带天堂森林公园,凤凰岛,1
亚龙湾热带天堂森林公园,兰花谷,1
亚龙湾热带天堂森林公园,过江龙索桥,1
亚龙湾热带天堂森林公园,天涯海角,1
亚龙湾热带天堂森林公园,三亚免税店,1
亚龙湾热带天堂森林公园,三亚亚龙湾铂尔曼别墅度假酒店,1
亚龙湾热带天堂森林公园,鹿回头高尔夫球会,1
亚龙湾热带天堂森林公园,鹿回头山顶公园,1
威斯汀,妈祖庙,1
威斯汀,三十三观音堂,1
威斯汀,金玉观音,1
威斯汀,凤凰岛,1
威斯汀,兰花谷,1
威斯汀,过江龙索桥,1
妈祖庙,三十三观音堂,1
妈祖庙,金玉观音,1
妈祖庙,凤凰岛,1
妈祖庙,兰花谷,1
妈祖庙,过江龙索桥,1
三十三观音堂,金玉观音,1
三十三观音堂,凤凰岛,1
三十三观音堂,兰花谷,1
三十三观音堂,过江龙索桥,1
金玉观音,凤凰岛,1
金玉观音,兰花谷,1
金玉观音,过江龙索桥,1
凤凰岛,凤凰岛,1
凤凰岛,兰花谷,1
凤凰岛,过江龙索桥,1
凤凰岛,天涯海角,3
凤凰岛,南天一柱,1
凤凰岛,蝴蝶谷,2
凤凰岛,蛇口,1
凤凰岛,深圳,1
兰花谷,过江龙索桥,2
兰花谷,沧海楼,1
过江龙索桥,沧海楼,1
天涯海角,东洲岛,1
天涯海角,南天一柱,3
天涯海角,海南雅居乐莱佛士酒店,1
天涯海角,三亚免税店,2
天涯海角,三亚亚龙湾铂尔曼别墅度假酒店,1
天涯海角,鹿回头高尔夫球会,1
天涯海角,鹿回头山顶公园,1
天涯海角,希尔顿,1
天涯海角,蝴蝶谷,1
天涯海角,蛇口,2
天涯海角,深圳,1
天涯海角,三亚哈曼度假酒店,1
天涯海角,滕海渔村,1
天涯海角,皇后湾,1
天涯海角,榆林港,1
天涯海角,情人湾,1
东洲岛,南天一柱,1
东洲岛,海南雅居乐莱佛士酒店,1
南天一柱,海南雅居乐莱佛士酒店,1
南天一柱,蛇口,2
南天一柱,深圳,1
五公祠,苏公祠,1
五公祠,海口皇马假日大酒店,1
苏公祠,海口皇马假日大酒店,1
三亚免税店,三亚亚龙湾铂尔曼别墅度假酒店,1
三亚免税店,鹿回头高尔夫球会,1
三亚免税店,鹿回头山顶公园,1
三亚免税店,希尔顿,1
三亚免税店,滕海渔村,1
三亚免税店,皇后湾,1
三亚免税店,榆林港,1
三亚免税店,情人湾,1
三亚亚龙湾铂尔曼别墅度假酒店,鹿回头高尔夫球会,1
三亚亚龙湾铂尔曼别墅度假酒店,鹿回头山顶公园,1
鹿回头高尔夫球会,鹿回头山顶公园,1
希尔顿,椰子树,1
希尔顿,红树林度假,1
希尔顿,大小洞天,1
希尔顿,小洞天,1
希尔顿,丽思卡尔顿,1
希尔顿,铂尔曼,1
希尔顿,滕海渔村,1
希尔顿,皇后湾,1
希尔顿,榆林港,1
希尔顿,情人湾,1
这片海,蜈支洲岛海滨浴场,1
蜈支洲岛海滨浴场,观海长廊,1
蛇口,深圳,1
滨海公园,世纪公园,1
世纪公园,观澜湖华谊冯小刚电影公社,1
红树林度假,大小洞天,1
红树林度假,小洞天,1
红树林度假,丽思卡尔顿,1
红树林度假,铂尔曼,1
大小洞天,小洞天,2
大小洞天,丽思卡尔顿,1
大小洞天,铂尔曼,1
大小洞天,自然博物馆,1
大小洞天,不二法门,1
大小洞天,三亚千古情景区,1
小洞天,丽思卡尔顿,1
小洞天,铂尔曼,1
小洞天,自然博物馆,1
小洞天,不二法门,1
小洞天,三亚千古情景区,1
丽思卡尔顿,铂尔曼,1
亚龙湾高尔夫球会,亚龙湾中心广场,1
永兴岛,三沙,1
观海长廊,蓝色海,1
滕海渔村,皇后湾,1
滕海渔村,榆林港,1
滕海渔村,情人湾,1
皇后湾,榆林港,1
皇后湾,情人湾,1
榆林港,情人湾,1
东寨港红树林,中山路,1
东寨港红树林,观澜湖华谊冯小刚电影公社,1
东寨港红树林,雷琼海口火山群世界地质公园,1
中山路,观澜湖华谊冯小刚电影公社,1
中山路,雷琼海口火山群世界地质公园,1
观澜湖华谊冯小刚电影公社,雷琼海口火山群世界地质公园,1
自然博物馆,不二法门,1
自然博物馆,三亚千古情景区,1
不二法门,三亚千古情景区,1
